VendorName,Total_StdCost,Total_AvgCost,Part_Count,Total_OnHandQty
JEMIX HEAT TREATMENT (S) PTE LTD,7061117.87803,6148741.84469,334,50.0
"Dril-Quip, Inc.",6823527.90889,11061054.97685,2428,1029889.8100000401
eBlast Limited,5769260.98569,5833618.11582,155,22.0
LJF Powder Coating Ltd,5655660.72864,5805120.03796,588,1102.0
MAKO OILFIELD SERVICES,5566126.56554,5526333.79306,11,0.0
PROTECH COATING PTE LTD,3394455.24936,3336519.58851,142,31.0
ANALYTIC STRESS RELIEVING INC,3353569.11134,3152266.5290200002,87,38.0
"NUMERICAL PRECISION, INC",3300754.62231,4478045.48063,472,1255.0
SPIR STAR,3017360.2019599997,682532.98509,19,62.0
Subsea Piping Solutions Ltd,3008158.89391,2172153.77103,20,0.0
METALL-TREAT INDUSTRIES PTE LTD,2697069.28396,2557668.42949,532,2203.0
L & P BLASTING PTE LTD,2687767.17653,2626253.11777,71,55.00000001
PROSERV OPERATIONS LLC,2107828.74143,2395863.74143,33,78.0
Nexus Surface Treatments Ltd.,2029755.37154,2094568.34629,425,360.0
DJIC COATINGS PTE LTD,1839373.9913100002,1805816.3059,122,221.0
Diamould Ltd,1829230.72615,1775057.3354699998,12,8.0
ACCU TEST LABS LLP,1787748.81635,1608355.39228,160,268.0
NATIONAL OILWELL VARCO LP,1488254.02543,924014.57418,14,20.0
CUSTOM THREADING INC - 00380,1483601.82208,1444799.93022,151,87.0
OMS OILFIELD SERVICES PTE LTD,1354762.87726,1246191.83914,150,72.0
LONE STAR CORROSION SVCS INC,1345804.14258,1349291.13368,25,4.0
S&S PLATING CO-COATING DYNAMICS,1302207.67351,864306.37029,77,134.0
SIFCO APPLIED SURFACE CONCEPTS,1261973.9588,1426891.4386699998,12,3.0
"VETCO GRAY, INC",1247392.35267,1194477.89047,26,2.0
FRISA,1176477.85522,1685861.59217,323,5012.52
TGS USA CORPORATION,1176341.90477,1314720.29982,245,10.0
LONE STAR HEAT TREATING CORP,1159372.7279,1209667.68217,412,776.0
PIRTEK ASIA PTE LTD,1106550.00574,912598.13508,12,11.0
FONG LEE METAL INDUSTRIES PTE LTD,1037278.53098,934201.85078,138,18.0
GLOBAL N.D.T. SERVICES INC.,1035696.92838,972894.5187,302,1412.0
RMS PUMP TOOLS LTD,1033730.3955600001,1058691.47768,37,60.0
UNICONN (SCOTLAND) LTD,983185.56429,768120.85522,375,75.0
RMSpumptools,951331.5348700001,389024.60103,38,38.0
VULCAN SFM LIMITED,930347.44716,1291718.058,3,0.0
METAL CUTTING SPECIALISTS,920862.73654,891972.88609,98,88.0
ADMECH ENGINEERING SERVICES,918888.70175,778370.03856,45,24.0
MacDERMID OFFSHORE SOLUTIONS LLC,905322.79758,949857.83848,20,332.0
AF GLOBAL CORPORATION,895888.03876,980150.16726,372,1412.0
Dril-Quip (Europe) Ltd.,870042.73339,1339570.05663,423,28367.0
INTERMARINE SUPPLY CO. PTE LTD,860024.84454,820141.53668,83,26730.0
MASTER FLO VALVE USA INC,839713.3484199999,1547449.8389599998,8,4.0
"HONING, INC.",818607.25059,772068.77058,226,448.0
HUNTING ENERGY SERVICES INC - 00766,814140.03122,964299.52511,215,683.0
SOUTHWEST RESEARCH INSTITUTE,768904.87982,783404.8798199999,4,1.0
TENARIS GLOBAL SVCS USA INC,755953.55241,848466.63233,177,293.0
"WELLHEAD SOLUTIONS CO.,LTD.",750853.3452,740365.02139,431,1245.0
JET MACHINE WORKS INC - 02597,744126.74853,928778.50827,112,89.0
LARK HEAT TREATING - 06105,716301.13039,694773.2057299999,46,106.0
Dril-Quip Asia Pacific Pte Ltd,686214.57706,2297194.46905,506,11738.0
MOUSER ELECTRONICS INC - 06172,682532.8931199999,682530.5052499999,6,1.0
ROHAG SINGAPORE PTE LTD,635206.20744,546570.92697,172,146.0
KNJ MANUFACTURING INC,621497.3924,700286.08064,139,53.0
DEMARCO MACHINE LTD,619359.47805,624349.6472,146,65.0
Zhangjiagang Haiguo New Energy Equipment Mfg CoLtd,616008.94167,625270.07638,370,201.411
SK HYDRAULIC CONNECTOR PTE LTD,612579.3967,270990.33008,12,4.0
HOWCO METALS MANAGEMENT LLC,609342.56041,705713.03336,147,1985.04
A 2 Z WELDING CO.,572656.22755,246044.69011999998,65,107.0
FAITH MANUFACTURING COMPANY,572452.30318,934373.96547,559,1622.0
MOOREAST ASIA PTE LTD,560003.63723,663567.8461,85,10275.0
ETEST LTD,557769.70273,536777.76864,33,16.0
TTL SUBSEA INC,541220.1542699999,812494.26579,45,27.0
PROSERV UK LTD,540975.56784,639515.11743,30,8.0
HOLE SPECIALISTS INC - 02382,503154.20467,457844.3251,20,6.0
LASER WELDING SOLUTIONS,503056.59773,351691.99238,26,12.0
TEAM INDUSTRIAL SERVICES INC,497077.47732,657771.1505699999,3,2.0
OFAR S.P.A.,490655.0,449221.0,13,6.0
ROCKWELL PRECISION INC,484557.72275,812693.07731,223,510.0
TNN MACHINING COMPANY INC.,472164.44322,542530.04983,145,1607.0
OFAR SPA,468643.92826,598421.32047,52,15.0
HATFIELD & COMPANY INC,466608.76603,450231.70072,72,2358.0
Flasky Engineering Pte Ltd,454566.9743,463743.68637999997,246,100.0
ALS INDUSTRIAL USA LLC,422664.36047,435081.40814,50,0.0
SPECIAL QUALITY ALLOYS INC,416728.85175000003,516336.06357,64,287.75
L & N ( Scotland) Limited,409529.77072,425443.9579,31,1.0
FLEXBRITE INC - 00545,407487.3741,427683.88736999995,42,40.0
Metalheat Ltd,406509.07035,376281.82848,29,7.0
ACUTE TECHNOLOGICAL SERVICES,405803.5494,59395.502290000004,25,60.0
TOS GLOBAL SDN BHD,405446.52,405446.52,1,0.0
SIEMENS ENERGY INC.,386534.83028,199065.10764,17,15.0
Hunting Energy Services Pte Ltd,380195.86488999997,360529.06152,46,6.0
UNION TECH CO INC,375308.90777,426623.11527,280,431.0
NUCORE GROUP LTD,370779.71591,365478.99526,47,5.0
X-CELL SUPERTURN LTD,367645.68908,376812.00057,33,1058.0
SPIR STAR ASIA PTE LTD,364292.05042,365288.68425999995,37,9.0
TELEDYNE OIL & GAS,359763.31973,850167.46287,79,69.0
OMNI PRECISION INC,348035.464,433183.66257,235,910.0
HOUSTON PLATING & COATINGS LLC,344774.15486,345498.83725000004,61,427.0
F. W. GARTNER THERMAL SPRAYING,324258.76456,155808.23393,86,324.0
National Oilwell Varco UK Limited,323612.8019,372147.56968,67,63.0
MECHEM ENGINEERING&TRADING Co PL,320503.65044,318667.86165000004,41,2.0
"ACCUTURN MANUFACTURING, INC.",318329.90809,453226.36249,255,767.0
METALCAM S.p.A.,317331.05649,311635.19698,18,10.0
LUCCHININ MAME FORGE,312852.08912,347584.83133,9,1.0
INTEGRICERT LLC,308426.72510000004,356835.84471000003,141,19.0
EDGEN MURRAY CORPORATION,302706.19669,313168.52638,36,370.5
Schlumberger Oilfield UK Limited,292785.8541,294935.91359999997,19,53.0
"HOUSTON PLATING & COATINGS,LLC",285638.95824,317815.62215,131,514.0
"HI-ALLOY PRODUCTS, INC.",277751.21985,373993.25709,356,1296.0
"N.C. PRECISION, CORP.",274587.85935,312469.08343,529,2898.0
Proserv UK Ltd (Great Yarmouth),271967.26028,324860.3607,3,1.0
HOLLOWAY-HOUSTON INC,260320.67938,268065.41644,96,3871.0
KOSO KENT INTROL LIMITED,258744.0,351950.0,2,2.0
"EASTHAM FORGE, INC - 00475",255552.11599000002,440497.00647,71,23.0
"HYDRAULICS TECHNOLOGY, INC",248667.93779,123130.44958,1,0.0
"STEWART TUBULAR PRODUCTS, INC.",247502.96075,448697.98806,83,234.0
ASFO S.P.A.,245870.98425,257424.62458,161,92.0
LINTECH ENGINEERING PTE LTD,244634.95458,240206.91457999998,12,1.0
LORD CORPORATION,243863.97647,262756.04718,14,5.0
OILPATCH NDT,229400.81,217270.87923000002,7,2.0
"PROSERV GILMORE VALVE, LLC",221317.83881,282557.57088,9,0.0
Howco Group Plc,220016.04331,242403.50597,157,281.25
KIM ANN ENGINEERING PTE LTD,219656.64205,203785.07095,170,3654.9500000000003
D & S MACHINE WORKS INC. - 03821,215994.62907,238109.84111,122,242.0
ROSEMOUNT SPECIALTY PRODUCTS LLC,213705.64,100600.0,1,0.0
OIL STATES INDUSTRIES (ASIA) PTE LTD,210374.31333,214444.31333,7,5.0
MTQ ENGINEERING PTE LTD,207709.37872,212037.75358000002,11,0.0
DRIL-QUIP NORWAY,204014.94941,217602.69972,86,498.0
VAM USA LLC,203649.51645,273897.48102,143,20.0
Pauwang Engineering & Marine Services,203128.87602,199792.35702,428,593.0
"VALLOUREC TUBE-ALLOY, LLC",201676.66281,207135.59649999999,37,82.0
DQ HOLDINGS PTY LTD,199272.89587,309311.66945,54,294.0
PROFESSIONAL NDT SERVICE INC,193308.36549999999,6446.777,8,5.0
TRENDSETTER ENGINEERING INC.,191070.0,191070.0,6,10.0
Fluid-Tec Engineering &Trading Pte Ltd,189894.18785,218115.95985,20,4.0
Hydrus Energy Engineering Ltd,186166.13271,156660.96307,19,43.0
FORGIATURA MORANDINI SRL,184401.57246,163197.27756,8,11.0
First Integrated Solutions Ltd,182502.8235,204628.77522,123,899.0
MASTER FLO VALVE CO (UK) LTD,181913.69842,260130.26903999998,4,0.0
JFE CONNECTIONS AMERICA INC,180190.90272,180825.90272,6,0.0
ALCO TOOL INC,177192.21311,144041.36946,88,190.0
Oliver Valvetek Ltd,175564.67205,215061.18816,55,16.0
UNITED GALVANIZING INC - 04479,174273.25634,199413.82622999998,16,5.0
HYSPEC Engineering Ltd,174050.6678,214770.28863,100,284.0
SCOPUS ENGINEERING LTD,173691.20044,173691.20044,11,0.0
Linell Engineering Co. Ltd,172556.79224,183526.8533,61,78.0
"TIW DE MEXICO, S.A. DE C.V.",169137.82165,171125.62840000002,3,25.0
SEI HEAT TREAT,164961.02779,154409.95387,104,305.5
VALLOUREC ASIA PACIFIC CORP P/L,159633.15785000002,160152.06802,10,4.0
MSCM Limited,159075.33333,746727.0,32,9.0
HYDRADYNE LLC,153692.68499,136586.95969000002,68,361.0
LoneStar Leeds Limited,150685.24731,155993.79931,65,43.0
HDH INSTRUMENTS LP,149907.72722,138248.6322,11,6.0
PRIME DOWNHOLE MFG,149744.92663,332253.47201,74,42.0
Tenaris Global Services Far East Pte Ltd,146433.72719,113021.12602,16,4.0
STEWART TUBULAR PRODUCTS INC,142631.12541,199374.12541,29,0.0
Pacson Ltd.,142237.81151,157165.81151,22,12.0
VALLOUREC TUBE-ALLOY LLC,138309.91109,128973.63005,8,1.0
"CDI ENERGY PRODUCTS, LLLC",138136.77764000001,177619.10455,281,6652.0
T&A PRECISION MACHINING,134183.29145,234358.45869,136,37.0
PT. MOHGATECH INDONESIA,130479.24279999999,145276.5528,147,24.5
HUNTING ENERGY SERVICES INC,129620.42244000001,146767.75244,43,14.0
FORGITAL ITALY S.P.A.,129416.1724,129341.20107,25,14.0
OIL STATES INDUSTRIES INC,127966.23392,128268.99289,19,8.0
XIOM SCOTLAND LTD,124254.17253,154961.4662,14,2.0
HYDRASUN LTD,122291.16177,191551.79852,412,7980.11
Q-MASS LTD,119519.80555,106724.84201,24,62.0
Kerloch Oil Tools Ltd,119118.94761,108270.36029,37,13.0
Halliburton Manufacturing & Services Ltd.,116870.89381,116571.67764000001,9,50.0
"DNV GL USA, INC",115242.41070000001,483723.21773,24,16.0
PRAXAIR SURFACE TECHNOLOGIES INC,113802.8731,81825.45986,30,8.0
FORGED PRODUCTS INC - 00548,113689.08421999999,195985.3363,13,7.0
LIBERTY PRECISION COMPANY LLC,111588.45618,186475.01466,66,143.0
Mectronic Instruments Ltd.,111575.78886,128527.47365,350,1547.0
SSS SUPER ALLOYS LTD,111455.88612,156615.88612,10,0.0
DYNAMIC LIFTING SOLUTIONS,110120.25676,371828.41578,67,30.0
AWS ADVANCED WELDING SERVICES,105996.24954,161408.92422000002,32,28.0
RINGMILL SPA,104200.3,290923.3,11,11.0
"CTG, INC",103623.63458,137483.06806,98,556.0
VALLOUREC USA CORPORATION,103475.05228,245504.47228,9,1.0
Patriot International Ltd,103366.08247000001,89180.39499,8,0.0
SUN COAST RESOURCES INC,99505.7043,89245.42688,18,0.0
SUN MANUFACTURING,98498.51142,160395.65323,31,28.0
SEANIC OCEAN SYSTEMS,97706.02234,105410.98549,2,0.0
Dril-Quip Denmark,96730.22693,144938.63752,113,526.0
SNOE INC MACHINING & WELDING,93891.84722000001,111792.8634,23,133.0
LB BENTLEY LTD,93568.20972,110607.34964,12,77.0
UTEX INDUSTRIES INC,93490.91046,94065.4937,147,775.0
Sumitomo Corporation Asia & Oceania P/L,92926.28581,94716.20581,12,30.2
EEW PIPE PRODUCTION ERNDTEBRUCKER GmbH & CO.,91098.33721,127149.36721,6,29.0
Cairnhill Structures Ltd,90893.60489999999,89214.7619,6,0.0
FERRO-TUBE OIL TOOLS CO,90813.32521,300815.9974,92,118.0
"SPECIALTY HEAT TREAT, INC.",90171.63253,93926.7992,15,15.0
FTV Proclad,87872.30081,88785.52148,3,0.0
Aberdeen Lifting Services,86720.4964,76372.23333,12,12.0
HIGH SKILL ENGINEERING PTE LTD,86409.5632,70847.80185,206,413.0
"Forgital Italy S.p.A,",84800.70332,97001.78453,61,56.0
UNITED OILFIELD ENGRG & TRADING P/L,84687.95495,87529.76834,85,26.0
"BREAUX MACHINE WORKS, LP",84618.22796,114215.44534,17,31.0
GULFCO FORGE & MACHINE,84212.89097000001,96022.89097000001,4,12.0
SPECIAL QUALITY ALLOYS LTD,83193.24003,186761.18261,22,36.7
Oilfield Services & Supplies Pte Ltd,82138.29129,91097.04415,41,29.0
APC PIPE CLEANERS,80132.23658,117120.57229,54,919.53
SPECIAL QUALITY ALLOYS,80116.43349,93860.70038,30,88.75
"BOWERS METAL WORKS, LLC",78369.6699,92955.59591,164,336.0
INDUSTRIAL METAL FINISHING CO,78024.77642,81665.81732,40,1008.0
Weatherford Uk Ltd,77625.66,78892.7125,26,11.0
CNC MANUFACTORING,76444.36433,152964.45457,64,138.0
SPECIALTY HEAT TREAT INC,75351.95419,66815.42615,27,66.0
"FUGRO USA LAND, INC.",74682.251,95664.51188,14,6.0
"GARTNER COATINGS, INC.",72921.93927,72921.93927,13,10.0
PRECISION 2000 LTD,71312.32467,78706.46173,141,208.0
RMSpumptools USD,69397.0854,70800.80826,2,0.0
EXCEL EDM,68890.92904,68103.65216,14,32.0
ELLWOOD GROUP INC,68455.0,68455.0,1,1.0
VANCO RING GASKET SPECIALTY INC,67789.39714,63783.71602,73,373.0
Apperley Honing Limited,67789.28711,67352.17511,4,0.0
WATSON GRINDING & MFG,66818.34459,47693.82372,6,0.0
X-Cel Superturn Ltd,66762.14818,23595.47432,11,7.0
FABCORP INC.,66699.46224,43833.21778,5,9.0
TECHNOGENIA INC,66437.47896000001,158071.16931,29,1.0
ClampOn AS,66059.0,39140.0,3,0.0
Valve Components Ltd,64670.92101,73660.94866,33,35.0
Mencast Engineering Pte Ltd,64158.629290000004,55343.33929,3,0.0
Baker Hughes Ltd.,63649.66238,60154.80833,43,14.0
CONROE MACHINE LLC,63511.91489,216309.39395,254,19.0
NOV TUBOSCOPE MACHINING SERV.,63119.21566,63119.21566,22,1.0
Federal Hardware Engineering Co. Pte Ltd,62600.0,174930.0,5,0.0
"CDI ENERGY PRODUCTS, LLC",62087.842150000004,72399.38587,101,757.0
IMPERIAL MACHINE PRODUCTS CORP,61750.65989,68446.52654,151,4354.0
AJT Engineering Ltd,59628.49862,111663.02962,22,28.0
"INSPECTION ASSOCIATES, INC.",59441.98,61042.919420000006,5,34.0
KTC Fab,59061.64216,48017.3132,5,21.0
REMLAP MANUFACTURING INC,58899.84098,62534.96375,95,564.0
OIL STATES INDUSTRIES,58206.84413,55946.45437,10,7.0
"2911 FABRICATION, LLC",58154.92716,74025.01988,38,81.0
Systems Engineering & Assessment Ltd,57794.15186,308936.82999999996,15,10.0
Solartron ISA,57600.0,57600.0,1,1.0
"M&R MANUFACTURING, LLC",57411.59583,32286.74948,21,24.0
Tenaris Global Services (UK) Ltd,57049.7705,50012.903920000004,6,3.0
"DEMARCO MACHINE, LTD",56956.0837,56622.49588,4,0.0
SUBSEA COATING TECHNOLOGY LLC,56011.22469,96815.8032,49,285.0
VIRGOTECH OFFSHORE LLP,55869.07,55869.07,1,1.0
ALTAIR ENGINEERING INSPECTIONS P/L,53337.880260000005,44050.660260000004,2,0.0
MAHER LIMITED,52656.82295,52791.315279999995,26,192.51999999999998
TITANIUM ENGINEERS INC,52311.41875,47877.61931,4,1.0
TRIPLE-S TUBE SUPPLY,51959.99141,137630.09372,404,19120.0
WYMAN-GORDON FORGINGS INC,51819.3992,224447.0,10,2.0
RELIABLE EDM INC,51130.05841,42719.10123,7,4.0
JK WELDING,51129.57735,61935.15923,48,53.0
HAHN & CLAY - 05352,50085.91929,39884.62595,3,2.0
Energy Services Steel Company Pte Ltd,49961.41074,49961.41074,6,93.10000000000001
T & H GRINDING CO INC - 01469,49144.04831,48996.12356,4,2.0
SIEMENS PLC,48971.4,61579.52,9,0.0
Argosy Control Engineering Ltd.,48854.90873,49749.149860000005,13,13.0
ACCUWELD INC,48620.92847,68123.4,18,22.0
PROSOURCE TRACE-A-MATIC,48365.54161,48365.54161,1,0.0
ALART TOOL & DIE INC,48034.689119999995,61920.50089,56,316.0
RB MACHINE WORKS INC - 03355,47495.73575,67357.61073,20,69.0
FBM-KNM FZCO,47341.69114,11235.86414,6,0.0
PROFESSIONAL TESTING SERVICES PL,47257.55838,65452.93741,25,2.0
SZU ENGRG & TECH PTE LTD,46977.88947,37999.94367,79,53.0
HOUSTON HEAT TREAT,46751.78899,44944.77558,97,2196.0
PACKARD INTERNATIONAL INC,46093.03985,68547.39985,19,30.0
WOMACK MACHINE SUPPLY CO,46025.25553,53405.11716,12,8.0
BODYCOTE K-TECH,45655.52735,51043.86245,19,59.0
Oceaneering International Sevices Ltd GBP,45398.53597999999,64681.532759999995,6,2.0
MARBERRY MACHINE INC,44954.123459999995,44580.545,11,0.0
GRITBLASTING PTE LTD,44628.59627,44222.71061,1,5.0
BIFOLD FLUIDPOWER LTD,44440.734520000005,44440.734520000005,3,0.0
"UNITECH INTERNATIONAL, INC.",44065.0,50684.11,2,2.0
PARKER HANNIFIN CORPORATION,43396.10407,60421.070139999996,502,16265.0
DRILMACO PTE LTD,42399.24054,39869.15606,14,1.0
METAL ONE TUBULAR PRODUCTS INC,42173.61452,51843.673520000004,7,1443.5
"VERSA INTEGRITY GROUP, INC.",42121.77345,53120.07003,8,8.0
"DRIL-QUIP OILFIELD SERVICES (TIANJIN) CO, LTD",42106.12362,32591.74931,2,0.0
SANMINA CORP,41546.21366,46519.73151,13,14.0
Inspectahire Instrument Co Ltd,41295.86,71812.30334,5,0.0
EXPRESS ENGINEERING (GATESHEAD) LTD,41110.0,41110.0,8,2.0
"OFFSHORE ENREGY SERVICE, INC",40827.351670000004,49957.23677,6,42.0
FORGIA RAPIDA S.R.L,40763.81991,45875.2508,21,11.0
Lucchini Mam√© Forge S.p.A.,40428.92531,56472.399880000004,10,1.0
AKER SOLUTIONS INC,39741.0,39741.0,1,0.0
TEXAS HONING INC,39543.87042,32439.108079999998,4,0.0
NOV TUBOSCOPE,37955.41501,63164.60001,51,3.0
AWC INC,37913.65745,86217.55514,37,439.0
HARDY MACHINE & DESIGN INC,37792.61513,40530.71079,27,99.0
"FINKL STEEL HOUSTON, LLC",37574.23666,141901.16001,22,18.0
Mount Vernon Eng. Co. Ltd.,37300.22045,61022.27782,121,368.0
SUPERIOR THREADED PRODUCTS INC,37272.392120000004,36154.09011,10,3.0
Stevenson & Cheyne,36989.86669,64330.67414,136,238.0
CUSTOM RUBBER PRODUCTS,36936.20824,37028.20369,10,331.0
TRIPLE C INDUSTRIES INC - 01548,36916.302169999995,141321.45039,27,34.0
"SOUTHWEST HEAT TREAT SERV, LLC",36710.55996,36761.54071,47,161.0
"HOUSTON GEAR USA, INC.",36334.39324,37676.07471,12,3.0
OCEANEERING INTERNATIONAL INC,36300.0,37443.0,5,2.0
AME International Pte Ltd,36274.427240000005,36274.427240000005,3,0.0
NERO ENGINEERING,35013.22428,44823.60679,58,1735.0
HOWCO CUMBERNAULD,34963.48573,34963.48573,11,8.0
MARUBENI-ITOCHU TUBULARS ASIA PL,34883.40685,37328.40685,6,5.05001053
WARNER & HUGHES CORP,34192.13466,34192.0617,7,42522.0
WELLCONNECTION IOS LTD,34187.40595,171794.12857,44,8.0
INDEPENDENT OIL TOOLS LTD,33929.33136,56642.77136,21,7.0
SOUTHWEST IMPREGLON SALES INC,33797.0767,52390.37341,30,145.0
"FORUM US, Inc. d/b/a DAVIS LYNCH",33561.61432,34197.53333,12,1.0
DRIL-QUIP INC,33084.69805,33085.49695,13,46.0
Nanjing Develop Advanced Manufacturing Co Ltd,32764.51515,29528.05515,17,25.0
EEW ASIA PACIFIC PTE LTD,32700.96937,32700.96937,7,1000.56
BARRETT STEEL ENERGY PRODUCTS INC,32672.84128,32672.84128,6,813.0
GRAYLOC PRODUCTS LLC,32505.84509,33545.84509,7,15.0
EH WACHS,32455.53543,42693.27789,1,0.0
ANCON,31973.67068,34169.4597,53,117.5
SUHM SPRING WORKS INC,31732.90307,26838.84926,26,168.0
HARDIDE COATINGS LIMITED - 05774,31274.99274,25508.09895,2,0.0
SUMITOMO CORP OF AMERICA,31252.24786,31252.24786,4,63.0
OILFIELD SVCS & TECHNOLOGIES,30875.1116,30875.1116,15,2.0
OAI ELECTRONICS LLC,30574.12923,27969.098280000002,23,49.0
DAIICHI JITSUGYO CO. LTD,30357.38596,36355.39851,2,1.0
PT. BESMINDO BORNEO SEMESTA,30127.03,30127.03,1,4.0
NATIONAL OILWELL VARCO PTE LTD,30077.84457,44852.40614,23,12.0
TOS Global Singapore Services Pte Ltd,30000.0,30000.0,1,0.0
Global Energy (Group) Ltd,29918.40414,19880.260000000002,8,4.0
BIFOLD FLUID POWER LTD,29179.41124,35352.05124,13,34.0
K&B INDUSTRIES,29141.9385,161081.74943999999,31,3.0
Tierney Strachan,28800.0,89484.4,10,1.0
GLACIER WELDING SOLUTIONS LTD,28198.761079999997,28198.761079999997,2,1.0
HUMBLE MACHINE WORKS INC,28081.0711,24387.17947,25,106.0
Denholm Environmental Limited,27996.47238,103905.63238,44,1.0
CKE ENGINEERING PTE LTD,27821.72662,27516.6236,97,193.0
METAL ONE SINGAPORE PTE  LTD,27202.579999999998,27202.579999999998,2,5.0
HOUSTEEL BAR-STOCK,26941.53041,26044.82089,1,0.0
GULL INDUSTRIES,26532.10943,26451.48471,31,16.0
TM Steels Ltd,26448.63366,27885.29569,35,72.75
VETCO GRAY PTE LTD,25900.0,41131.71777,3,24.0
"MASSEY INDUSTRIES,INC.",25788.400569999998,25788.400569999998,7,1.0
Rota Engineering Ltd,25557.43616,23747.68,4,1.0
"METAL CUTTING SPECIALISTS,INC.",25199.13005,25011.08998,18,63.0
ELDRED SHEET METAL WORKS - 05710,25006.33237,26124.53783,64,94.0
BEL ENGINEERING (U.K) LTD,24746.10415,18780.09357,2,0.0
METAL ONE AMERICA INC.,23574.76714,49548.50799,8,544.0
Surface Technology (ACI),23371.2205,29297.87875,20,10.0
Grayloc Products Ltd,23276.54651,26683.924509999997,22,159.0
EMERSON PROCESS MANAGEMENT LTD,23108.43143,23108.43143,8,8.0
J HICKINSON & SON LTD,22748.50226,20820.5589,34,58.0
Energy Alloys UK Ltd,22583.94156,24457.145809999998,34,3.0
EFAB LTD,22378.60872,24768.855349999998,2,6.0
NATIONAL HEAT TREAT LLC,22108.3436,22108.3436,2,0.0
UPC INTERPIPE INC,21844.289770000003,20385.13977,2,0.0
YI HE FA ENTERPRISES PTE LTD,21825.933399999998,24115.890639999998,75,18689.670000000002
Abbey Forged Products Ltd.,21456.8,21497.72727,14,25.0
OILFIELD STEEL SUPPLY LLC,21099.58298,34841.55964,91,2099.0
"SATURN MACHINE, INC.",21032.22859,21264.44214,5,28.0
TORISHIMA SERVICE SOLUTIONS EUROPE LTD,19845.371329999998,19739.08624,8,9.0
CKE MANUFACTURING PTE LTD,19633.45409,20241.25997,12,6.0
HUFCO,19238.69217,24769.03447,155,828.0
SPRING ENGINEERS OF HOUSTON,18717.9425,3987.03,19,37.0
CONSTANTIN PRECISION INSTRUMENTS INC,18626.940000000002,92839.88502,22,15.0
BORDERS & SOUTHERN PETROLEUM PLC,18374.41502,4202.270689999999,2,2.0
TITAN FLOW CONTROL LLC,18156.02751,17444.23623,4,0.0
GRAINGER,17732.544240000003,8564.571030000001,367,-4248.0
SPECIAL METALS INC,17560.29308,21175.00815,261,8136.2
ATR Lifting Solutions Ltd,17528.9235,17520.560699999998,2,0.0
DETAIL DESIGN INC.,17312.0,17312.0,5,1.0
Element Materials Technology S'pore P/L,16892.27,16892.27,1,0.0
British Heat Treatments,16881.78708,17951.46711,10,15.0
Premier Hytemp Ltd.,16861.25,17298.75,16,18.0
GDC PRECISION ENGINEERING LTD,16788.82894,19122.24103,64,96.0
SPECIALTY FLUID COMPONENTS MFG,16720.30816,18568.15816,23,35.0
OCEANEERING ROTATOR AS,16509.56617,316231.43037,8,4.0
KEPPEL FELS LIMITED,16385.28806,16385.28806,1,2.0
DRACO SPRING MANUFACTURING CO,16187.02876,24103.15552,69,2595.0
ELECTRO-COATINGS-TX INC - 03089,16158.90223,15273.87442,3,25.0
BUKS TOOL COMPANY INC - 05970,16112.22333,16212.22333,5,11.75
FATTER PTE LTD,16016.0,16016.0,1,0.0
Dril-Quip Qatar LLC,16014.18454,29466.550049999998,8,0.0
Challenge Products Ltd,15918.04759,22555.085039999998,34,41.0
Aqua-Terra Solutions Pte Ltd,15807.61244,24099.52982,98,894.13
TIW Corporation,14887.7005,1504658.95636,302,523.0
HOUSTON WATER JET,14864.11536,9755.39728,13,32.0
FORGITAL USA INC,14721.83229,14250.19657,10,939.0
SEACON ADVANCED PRODUCTS LLC,14715.59927,13110.31792,1,0.0
APPLIED INDUSTRIAL TECHNOLOGIES,14455.13086,17075.61035,57,289.68
VENTURE GULF ENGINEERING W.L.L.,14357.440480000001,13965.70124,2,0.0
BRANTNER & ASSOCIATES INC,14294.34441,14354.51224,17,72.0
NOV MISSION,14152.55,14152.55,1,2.0
NOV ASEP ELMAR - UK,14037.470000000001,300669.14733,83,252.0
Kelvin Steels Limited,14027.1154,17179.10367,126,2926.1
"Ohmi Press Works & Forging Co.,Ltd",13883.82968,12193.7641,10,6.0
EXTREME MACHINE,13608.370789999999,13608.370789999999,7,8.0
TNN MANUFACTURING CO INC,13559.9266,33543.34713,20,28.0
OLIVER VALVETEK LIMITED,13425.744340000001,28358.61111,5,10.0
EXPERTPAY,13374.0423,13104.6971,6,11.0
HOUSTON FLAME HARDENING CO.,13304.66566,11830.99516,24,916.0
Valcon-Matic Pacific Pte Ltd,13215.0,18650.0,8,3.0
TRELLEBORG SEALING SOLUTIONS,13001.05047,27859.88525,78,1099.0
Titan Torque Services Limited,12980.568,2160.56,2,0.0
CP Precision Engineering Ltd,12857.17284,13268.96615,4,1.0
SIGMA FASTENERS INC,12640.01822,17959.40836,62,1571.0
TUBULAR SOLUTIONS INC,12600.0,5600.0,11,0.0
SUHM SPRING WORKS INC.,12476.45913,12476.45913,9,25.0
TTI INCORPORATED,12266.025,11962.029999999999,8,5.0
Steel Forming & Rolling Specialists P/L,12197.6016,3749.70417,6,0.0
MSCM LTD,12073.55831,11380.10293,14,40.0
UTEX SINGAPORE PTE LTD,11922.97345,12883.77345,30,58.0
FAST MASTER INC - 04543,11760.44637,16720.25734,1063,36803.0
TERCEL OILFIELD PRODUCTS USA LLC.,11638.38,38347.23,45,11.0
SUNSOURCE,11632.99491,19254.03185,52,141.0
Voestalpine Specialty Metals Pte Ltd,11532.83534,13438.14898,14,76.66
INTERNATIONAL BEARINGS PTE LTD,11524.0626,11525.59435,8,62.0
SOUTHWEST HEAT TREAT SERVICES LLC,11479.965,11479.965,3,0.0
SWAGELOK TEXAS MID-COAST,11474.83423,17915.55419,174,2640.0
K & B MACHINE WORKS,11387.018,40349.57338,2,3.0
EARLE M JORGENSEN CO EMJ,11283.92724,15713.19219,99,6920.5
PRECISE STEEL INC,11254.00948,17860.19728,26,35.0
EUTSLER TECHNICAL PRODUCTS INC,11249.81168,11249.81168,4,221.0
MACHINE SPECIALTY & MFG INC,11208.75647,14043.75647,6,7.0
Ceetak Ltd,10941.88293,13154.40856,193,19541.0
US BOLT MANUFACTURING INC,10888.04298,21211.58968,94,2509.0
"COR-PRO SYSTEMS OPERATING, LTD",10880.69856,8680.3963,2,0.0
ACCURATE PRECISION PLATING,10839.2425,0.0,2,2.0
RBR MACHINE LLC,10751.05668,10751.05668,1,0.0
WEIR ARABIAN METALS COMPANY,10670.0,10670.0,9,0.0
Bureau Veritas Singapore Pte Ltd,10612.5,10612.5,1,0.0
ASFO S.p.A.,10433.37719,13370.07077,10,203.0
CLG Engineering,10376.14105,10862.14105,24,38.0
Belmar Engineering Services Ltd,10194.77139,6409.83203,6,20.0
SUPERIOR SHOT PEENING INC,9962.28773,2746.95944,1,4.0
DRIL-QUIP EGYPT FOR PETROLEUM SERVICES SAE,9890.18407,11202.25576,5,1514.0
CDI ENERGY PRODUCTS PTE LTD,9876.88377,10781.38485,44,395.00004236999996
ARCANITE NDT INC,9777.38922,0.0,1,0.0
LONGWOOD ELASTOMERS INC,9275.8721,4652.6505799999995,4,8.0
Maju Universal Engineering Sdn Bhd,9121.655,10901.8412,5,0.0
AMERSTRAND ENGINEERING SDN BHD,8979.7654,8979.7654,8,0.0
"DRIL-QUIP DO BRASIL, LTD",8942.608909999999,36262.25306,18,26.0
Bodycote Surface Technology,8852.51212,11721.31205,5,14.0
SENG HENG ENGINEERING PTE LTD,8728.31862,9332.93579,326,1798.00000001
FORGE USA,8700.0,8700.0,2,0.0
SCOT FORGE COMPANY,8640.20384,36052.0,4,0.0
BOEDEKER PLASTICS INC,8582.69501,8880.63013,27,108.4
MCMILLIAN METAL SERVICES LLC,8446.68266,13077.7035,3,9.0
BOLT & NUT MANUFACTURING LTD,8365.97849,10033.71948,376,5481.0
ELLWOOD TEXAS FORGE & MACHINE,8335.0,14445.0,5,2.0
CDI MULTISEALS PTE LTD,8253.38417,10500.90164,79,1060.0
TELLIN-UPC INC,8091.33023,8091.33023,1,3.0
GARCIA INDUSTRIES,8076.0,8076.0,1,0.0
Parker Hannifin Ltd (Fawcett Christie),8068.82205,8069.52205,6,6.0
Sterling Impreglon Asia Pte Ltd,7888.28808,3131.4236,6,0.0
James Walker Asia Pacific Pte Ltd,7851.630410000001,8247.446750000001,19,56.0
ABS AMERICAS,7778.6,118764.31,19,7.0
Archer (UK) Ltd,7654.09908,2273.77,23,1.0
SCHUMACHER COMPANY INC - 03966,7423.5644,6304.6442,1,2.0
WOODCO USA - 01683,7390.0,6077.5,1,0.0
IMF TECHNICAL SERVICES LTD,7345.4876,0.0,2,0.0
SINGAPORE VALVE AND FITTING PTE LTD,7334.18267,10615.22284,111,117.0
DJMW INVESTMENTS INC,7302.475,8609.975,13,4.0
Freudenberg Oil & Gas Technologies Ltd.,7260.61895,18092.65983,10,6.0
FREUDENBERG OIL & GAS TECHNOLOGIES,7211.98683,7417.183309999999,26,199.0
GARTNER COATINGS INC,7209.96693,0.0,1,0.0
ASL POWER (S) PTE LTD,7176.20097,7175.94699,1,0.0
TRISTATE SUPPLY CO - 01553,7172.1286199999995,8183.3620900000005,18,328.0
HYDAC TECHNOLOGIES LTD,7157.79,7157.79,3,2.0
ORIONCASE LLC,7128.0,7356.0,4,2.0
ROLLED ALLOYS LP,7127.33235,7127.33235,4,114.5
EAGLE PRESSURE CONTROL,7087.3383300000005,7087.3383300000005,2,1.0
"CROSSOVER, INC.",7051.9018,7051.9018,2,0.0
PRECISION URETHANE/MACHINE,6951.59192,6065.25,3,0.0
SUBSEA ENERGY SOLUTIONS LTD,6950.0,6950.0,1,0.0
DOW MACHINE CORP.,6929.13,7030.26419,4,1.0
GRAYLOC PRODUCTS LIMITED,6920.88704,7067.77135,17,19.0
CUTTING SOURCE PRECISION INC,6888.2101600000005,6673.516439999999,13,151.0
M&M INTERNATIONAL LLC,6863.51992,6635.06857,12,9.0
FW GARTNER THERMAL SPRAYING,6830.78012,8095.39852,1,0.0
EXQUIP USA LLC,6781.11917,7761.807690000001,34,3831.0
"BRENT GRINDING, INC.",6761.775000000001,6761.775000000001,2,1.0
ELIGO PTE LTD,6563.95504,6562.95742,51,251.6
"HATFIELD AND COMPANY, INC",6454.94476,9357.91476,16,19.0
Oliver Valves Ltd,6331.655,6751.815,7,34.0
DEEPSEA TECHNOLOGIES INC,6225.78413,54098.22402,13,81.0
Proclad International Forgings Ltd,6120.55556,6951.55556,6,5.0
Associated Rental Tools Company Pte Ltd,5999.4,5999.4,1,0.0
QA WELD TECH LTD,5780.808,5780.808,1,0.0
FMC TECHNOLOGIES SURFACE WELLHEAD BV,5697.23563,3970.52249,1,1.0
Dril-Quip Egypt for Petroleum Services SAE,5662.36892,114744.67912000002,50,190.0
APPLIED IND. TECHNOLOGIES,5649.41574,6566.04692,16,131.0
AL MASAOOD OIL INDUSTRY SUPPLIES & SVCS CO.,5632.905,5632.905,4,0.0
SUHM SPRING WORKS,5617.09041,6657.18316,10,8.0
Utex Industries UK Ltd,5579.12894,5136.9780599999995,8,15.0
KS FLOW CONTROL PTE LTD,5554.6422,5710.481960000001,33,60.0
HAYER ENGINEERING PTE LTD,5517.9485,4728.193499999999,5,11.0
WATSON TOWERS LTD,5500.1022,5711.1325,15,11.0
PT WELDING & FABRICATING - 05102,5494.85955,4962.2485,12,35.0
GAUGING & AUTOMATION PTE LTD,5456.21839,6422.91305,5,8.0
GLOBAL ENGINEERING & SERVICES PTE LTD,5345.9659,5498.55983,17,15.0
COMAC PRECISION ENGINEERING LTD,5298.275,7492.275,4,1.0
"BRENT GRINDING, INC. - 06503",5259.23178,12914.23178,2,2.0
TORCUP INC - 05988,5223.2,9163.7,8,9.0
Surface Technology East Kilbride,5199.61004,8811.98227,6,27.0
UNITED LASER CLADDING LLC,5134.174489999999,4137.57837,5,6.0
NEXUS PRECISION ENGINEERING,5129.20638,7428.20638,15,26.0
Subsea Components (AKER SOLUTIONS),5072.90333,5072.90333,4,0.0
VALLEY FORGE & BOLT MFG,5062.5836,5771.018599999999,6,81.0
HengYang Steel Tube Group Int'l Trading Inc,5060.06519,5234.18036,3,0.0
BIS VALVES LTD,4970.76,6756.8475,17,9.0
CUSTOM COMPONENTS/ASSEMBLIES,4882.21495,10542.83,1,0.0
GALVOTECH ALLOYS INC - 04501,4880.1826,5466.747600000001,10,72.0
Edgen Murray (Non Pipe),4862.28528,5886.28366,51,190239.54
GURECKY MACHINE,4860.00853,3465.42467,6,15.0
DELTATEK GLOBAL,4814.0,4814.0,1,0.0
Element Materials Technology Ltd,4743.44169,2614.4928,2,0.0
Swagelok Scotland Ltd.,4644.82928,5604.10866,107,629.36333333
OEM COMPONENTS INC,4629.65408,4548.16375,10,8.0
Proserv UK Ltd (Echt),4596.952,4314.43,2,2.0
FMC TECHNOLOGIES INC,4557.9811500000005,5811.1542,17,263.0
MASTERPIECE MACHINE & MFG CO,4549.48873,4538.0,1,0.0
WORLDWIDE HEAT TREAT,4499.97045,4902.7724,1,0.0
Midcontinent (Aberdeen) Ltd.,4475.05086,11857.98034,41,3007.0
SYNERGY STEEL PTE LTD,4457.4349,4472.219410000001,3,12.0
LONE STAR TRIPLEFAST PTE LTD,4362.4776600000005,4490.65099,35,219.0
SMALLEY STEEL RING COMPANY,4348.53453,5213.97929,75,1690.0
Special Machined Products Ltd,4321.73311,6434.39561,17,13.0
SIN GHEE HUAT CORPORATION  LIMITED,4315.6775,4371.05686,6,129.67
ZENNOR PATHWAY LTD,4307.84427,4307.84427,1,0.0
DRIL-QUIP NETHERLANDS,4275.89064,4665.3472,12,22.0
ALLIED ELECTRONICS INC,4250.68342,22568.83541,70,3682.0
LEE COMPANY,4200.85765,5464.9807,14,243.0
FIKE CORPORATION,4183.6989300000005,6549.34461,9,8.0
Trelleborg Sealing Solutions S'pore P/L,4126.52464,5511.60368,27,81.0
TACKPOINT LP,4121.3,4375.28571,3,26.0
Lonestar Fasteners Europe Ltd,4114.52851,4704.06159,171,1486.0
HOUSTON UNLIMITED INC - 00751,4058.24271,4524.26656,4,119.0
C-AUTOMATION INC. - 06246,4046.49666,15089.59766,28,21.0
DAN-LOC GROUP,4007.95888,8457.40511,85,1169.0
DEEPSEA TECHNOLOGIES INC.,3997.2200000000003,3997.2200000000003,5,1.0
"OERLIKON METCO (US), INC",3927.0320899999997,3542.32633,2,0.0
ICL TECH LIMITED - 02081,3910.61831,3910.61831,6,58.0
KENDA (S) PTE LTD,3906.14615,3906.14615,1,0.0
Rubber & Plastic Industries Ltd,3889.19719,3559.30275,32,32159.25
Parker Hannifin (Gulf Coast Seal),3738.99256,3915.99723,171,11461.0
Vam Field Service International,3679.4300000000003,51171.36917,40,22.0
Safety & Technical Hydraulics Ltd,3671.8625,4045.0925,2,0.0
SUMITOMO CORPORATION LTD GBP,3660.0,3660.0,1,49.0
MASTERSEALS INT PTE LTD,3626.3968999999997,4761.14918,179,2681.0
OFFSHORE CLAMP/PROTECTOR TECH INC,3626.1875,5362.75694,4,5.0
KEYSTONE MFG COPR,3608.993,16579.91,6,2.0
KNJ MANUFACTURING,3602.174,3602.174,2,5.0
Hydril PCB LTD,3600.37675,25621.00675,6,9.0
PT. ALLOYMAS MECHEM TECHNOLOGY,3587.63638,3587.63638,2,4.0
"Bestar Steel Co.,ltd",3570.72,3570.72,2,4.0
WELLS MANUFACTURING,3568.6413000000002,3884.15375,10,0.0
"DEL'S PLATING WORKS, INC.",3547.83652,3341.0337,3,3.0
UNIVERSAL CORROSION SPECIALIST,3534.72,30519.14166,19,9.0
NOV GRANT PRIDECO SINGAPORE P/L,3516.685,516.685,1,0.0
Korea National Oil Corporation,3501.63403,3511.08798,1,85.0
PHIL INDUSTRIES PTE LTD,3457.611,3457.611,1,0.0
Continental Alloys & Services Ltd,3440.4786400000003,4746.059380000001,42,2444.0
"DXP ENTERPRISES, INC.",3405.97499,7012.78031,269,15523.0
WEATHERFORD,3400.0,3536.0,1,1.0
"GUERRERO PLATING TECHNOLOGY, LLC",3380.25008,4176.57355,2,21.0
GREENE TWEED & CO,3335.96951,5954.71998,37,299.0
HME Technologies Pte Ltd,3335.8925,2173.1025,2,0.0
OTSUKA TEKKO CO LTD,3282.29336,3352.18174,9,223.0
ADOS ENGINEERING INDUSTRIES L.L.C,3242.56834,3242.56834,5,0.0
ELIZABETH CARBIDE COMPONENTS,3207.07327,3295.232,7,12.0
"LAND & SEA INDUSTRIES, LLC",3201.49,4500.0,2,0.0
RETRIEVER LOGISTICS&EQUIPMENT,3197.0109800000005,13592.53965,26,559.0
Wolar Industrial Singapore Pte Ltd,3189.68286,3615.30324,44,37.0
Helipebs Controls Ltd,3159.0,3159.0,2,0.0
"LCP, INC Lift Certification & Pull Testing",3025.0,3025.0,2,0.0
TIMKEN STEEL CORPORATION,3014.2054900000003,3014.2054900000003,5,4030.5
SCHILL STEEL SERVICES,2963.2166500000003,2963.6557700000003,12,1.0
GIM HAN PTE LTD,2957.98911,5570.89863,23,13.0
Emerson Asia Pacific Pte Ltd,2928.08365,4540.83416,8,12.0
MNB PRECISION LTD,2905.48485,3005.48485,3,1.0
CALEDONIA SERVICES LTD,2905.0726,10669.32583,14,43.0
SILCHROME PLATING LTD,2895.96415,3154.79675,3,19.0
PRO MACHINE LP,2895.1175,8995.0,1,1.0
WEATHERFORD GEMOCO,2866.34,2866.34,1,0.0
BENDCO INC - 00172,2842.53164,3196.53164,2,2.0
Applied Total Control Treatment Pte Ltd,2777.91977,2777.91977,3,170.0
MORRIS METALS SERVICE,2765.76754,6350.36647,107,103827.72
PREMIER HYTEMP PTE LTD,2706.0,2706.0,1,0.0
SULLIVAN WIRE ROPE/RIGGING INC,2705.57333,13829.46257,19,27.0
ACP METAL FINISHING PTE LTD,2674.03024,2669.8421599999997,4,10.0
Mountwest Petroleum Eng Ltd,2669.91657,2649.83283,1,0.0
SFI GRAY STEEL LTD,2639.33224,7584.33224,11,1.0
Flexitallic UK ltd,2621.63288,3174.83542,36,192.0
WELLHEAD SOLUTIONS PTE LTD,2586.94335,2586.94335,2,0.0
NOV GRANT PRIDECO,2570.36511,2570.36511,1,0.0
Pressure Control Systems Ltd,2538.35129,3992.18096,4,24.0
SUPER GALVANISING PTE LTD,2536.15332,2428.72332,4,0.0
BODYCOTE HARDINGSCENTRUM B.V,2532.25904,2076.03088,1,0.0
MID-CONTINENT DISTRIBUTION PTE LTD,2522.52919,2529.80192,10,29.0
MASTER MACHINE INC - 06132,2512.76175,1254.92058,5,22.0
MALONEY TECHNICAL PRODUCTS,2443.82367,1570.21166,8,19.0
"INDUSTRIAL RUBBER, INC.",2412.75,2444.55,6,11.0
"ENERGY ALLOYS, L.L.C.",2380.41793,4154.02459,131,5087.0
PREMIUM ALLOYS,2360.84755,8809.13024,8,31.24
SHAMROCK PRECISION,2354.43898,2763.81966,35,2551.0
Nexus Technology Group UK Limited,2342.13834,2342.13834,4,7.0
"SUHM COIL SPRING WORKS, INC.",2313.72377,2823.421,51,3315.0
"EXCELL 7 MACHINE SHOP, INC.",2312.6472,2312.6472,1,0.0
EAST TEXAS SEALS LLC,2311.11481,4083.9208399999998,106,6165.0
SUNBELT STEEL TEXAS INC,2310.54287,2998.3473,54,924.0
LFF Scotland Limited,2300.0,2300.0,1,0.0
Rotork UK Ltd,2278.54167,2278.54167,5,0.0
PNEUMATIC AND HYDRAULIC CO,2274.0,2432.14,2,5.0
BLUE MOUNT PTE LTD,2271.91616,2782.62237,21,63.0
FREDERICKS MACHINE & TOOL SHOP,2265.4615,2239.524,5,1.0
MAGNUM METAL TREATING,2241.80648,2241.80648,1,0.0
WINDLASS METALWORKS LLC,2193.86237,2276.015,3,1.0
TIS Hydraulics Ltd.,2124.65414,3252.96403,11,7112.93
REYNOLDS COMPANY,2098.9566600000003,2098.9566600000003,9,15.0
STRESS ENGINEERING SVCS INC,2097.05231,24248.53231,2,0.0
G & M Precision (Plastics) Ltd,2088.39271,1359.4457,18,282.0
CEE-SAN MACHINE/FABRICATION CO.,2084.78722,12961.75,25,9.0
ELLWOOD TEXAS FORGE,2045.0,2045.0,1,1.0
"Hunting Energy Services, Inc",2021.37273,2021.37273,5,7.0
OERLIKON METCO (US) INC.,2000.0,2000.0,2,6.0
CHAPEL STEEL CORPORATION,1986.75519,3053.8463899999997,13,26.0
HYDRATIGHT OPERATIONS INC.,1982.1324,49941.5175,9,4.0
GGD ENGINEERING LTD,1977.30779,6210.38914,13,31.0
EXQUIP GERMANY GMBH,1975.54185,2470.7406,19,1152.0
BADGER OILFIELD PRODUCTS,1963.83077,2662.89447,10,109.0
SEACON BRANTNER ASC INC,1961.72621,1961.72621,3,1.0
OTSUKA TEKKO COMPANY LTD,1944.12306,1944.12306,6,63.0
JAMES WALKER NORTH AMERICA,1930.83,9434.29057,26,150.0
TROJAN CRATES LTD,1918.0,1918.0,1,1.0
SHERATON SERVICES LTD,1842.6,1842.6,4,11.0
CUSTOM PRECISION SHEET METAL,1816.256,2036.256,6,5.0
RAWSON LP,1806.1195400000001,2518.92928,36,184.0
SECO TOOLS (SEA) PTE LTD,1803.44,53234.30793,305,4011.0
GLOBAL O-RING AND SEAL LLC,1792.62581,3096.11481,400,13849.0
CUNNINGHAM MFG COMPANY INC,1789.5,1862.0,2,0.0
"HUMBLE INDUSTRIES, INC.",1750.11852,1760.02427,24,235.0
FOX METALS AND ALLOYS INC,1745.9958000000001,13068.42824,35,657.5
ALLINTON ENGINEERING & TRADING PL,1741.96507,1741.96507,24,2209.0
RITE INSPECTION SERVICES INC,1713.9,1713.9,2,0.0
WURTH SNIDER BOLT & SCREW INC,1706.33611,1641.01459,72,24180.0
DELL MARKETING LP,1686.41,6423.62,5,0.0
McMASTER-CARR SUPPLY CO,1678.71053,4756.14005,276,7197.8416666699995
Fife Fabrication Ltd.,1672.03006,1747.05879,16,140.0
Bovill & Boyd (Engineering) Ltd,1669.45843,1755.89946,13,55.0
MEOS WORKSHOP SERVICES FZCO,1659.0,1659.0,4,0.0
James Walker UK Ltd,1643.87365,1975.55198,11,38.0
SPENSALL PRECISION ENGINEERING LTD,1641.6871800000001,1908.57179,4,8.0
SITE AND OFFSHORE SPECIALISTS LTD,1597.45133,1280.10756,6,8.0
Wulfrun Specialised Fasteners Limited,1594.8631,1802.16752,46,434.0
PAC STAINLESS LTD,1591.5039000000002,1615.5014,24,7653.0
ACCURATE CUTTING SERVICES LTD,1590.28193,1590.28193,2,0.0
B & A Hydraulics Ltd,1565.46785,1878.37685,13,31.0
Tube-Tec (Tubular Protection),1549.0,17019.0,4,4.0
"TRANSACTION PACKING, INC",1522.87186,1654.10421,19,142.0
DOXON ENGINEERING PTE LTD,1517.98344,2219.66161,5,0.0
Black Gold Oil Tools Ltd,1501.29,372.8,2,2.0
GROVES SUPPLY CORPORATION,1492.84873,5521.66164,390,4506.0
BIG CITY MANUFACTURING INC,1468.8348,1753.38573,53,132.0
Allied International UK Ltd,1454.79959,1459.82788,10,1629.42
WHITTAKER ENGINEERING (STONEHAVEN) LTD,1432.27167,1381.6314,1,1.0
John Bell Pipeline Equipment Co. Ltd,1426.7835400000001,1986.17759,28,3054.92
IMPULSE CORPORATION LTD,1422.43,1422.43,1,4.0
"SUPERIOR PATTERN WORKS,INC.",1419.8469599999999,3694.73607,9,229.0
DETAIL DESIGN INC,1419.0,1419.0,1,6.0
PACIFIC PETROLEUM PTE LTD,1410.0,1725.0,3,8.0
RDS PRECISION ENGINEERING LTD,1408.38095,1167.08095,2,0.0
SUNRISE FASTENERS INC,1404.75723,1989.66374,213,3299.0
GB PREMIUM OCTG SERVICES LLC,1400.0,646.5,1,2.0
ROTORK CONTROLS SINGAPORE P/L,1394.8,858.3246,1,0.0
SIGMA ELECTRONICS INC,1383.11,1383.11,1,0.0
REGATE TECHNOLOGY INC,1375.81938,1205.44438,1,6.0
RICHINN TECHNOLOGY PTE LTD,1371.6051699999998,259.96851,7,3.0
KSW ENGINEERING LTD,1365.86769,1230.3974799999999,4,2.0
Brown McFarlane Ltd,1346.45,1346.45,3,2.0
AMTEX MACHINE PRODUCTS,1321.2,1321.2,1,1.0
Omnitool Ltd,1319.0313,7437.19,4,0.0
"GREENE, TWEED & CO. PTE LTD",1297.64354,1297.64354,8,20.0
EXQUIP INTERNATIONAL LTD,1268.5861,1869.23137,10,425.0
SURFACE TECHNOLOGY (LEEDS) LTD,1268.0,1268.0,1,0.0
WHITEFIELD PLASTICS CORPORATION,1256.56,1256.56,1,0.0
GENERAL MAGNAPLATE TX  INC,1250.0,1250.0,1,0.0
DRUCK INC,1227.65441,2989.45262,2,46.0
ASCO ENGINEERING LTD,1186.91639,1186.91639,1,0.0
TESCOM CORPORATION,1185.0,9270.0,6,11.0
CDI ENERGY PRODUCTS INC,1184.98835,2434.90529,13,94.0
FORGIA RAPIDA,1172.5,1172.5,2,0.0
FREUDENBERG OIL & GAS TECHNOLOGIES LTD,1166.84589,1166.84589,2,0.0
LONE STAR FASTENERS LP,1163.13005,1956.46604,16,408.0
POWERTRONIX CORPORATION,1156.5246699999998,1156.5246699999998,2,4.0
AMERICAN SPINCAST - 00091,1140.0,1140.0,1,0.0
HUMBLE INDUSTRIES INC,1107.11757,1046.45026,25,255.0
"RILEY SCREW PRODUCTS, INC.",1086.6509800000001,460.26731,44,18480.0
VATAC VALVES CORP,1084.65,1084.65,2,24.0
FIBERGRATE COMPOSITE STRUCTURES,1072.0,1072.0,1,8.0
BODYCOTE SURFACE TECHNOLOGY,1048.86014,1149.56504,1,0.0
ROTORK CONTROLS INC,1045.0,1045.0,1,0.0
TURNCO MACHINE INC,1014.7606499999999,1014.7606499999999,2,10.0
"P & B TESTING, INC.",1005.367,1005.367,1,0.0
DRUCK LTD,996.25633,1087.64,3,59.0
PANGTONG WELLHEAD USA INC,988.0,988.0,1,0.0
TFE COMPANY INC - 04805,983.78905,1342.07635,18,178.0
McMASTER-CARR SUPPLY COMPANY,981.66506,1076.34079,75,3779.0
NOV Mission Products UK Ltd,970.70445,970.70445,3,1.0
Rubber & Plastic Industries (Scotland) Limited,945.0,945.0,1,0.0
TKH ENGINEERING PTE LTD,936.65191,1984.09566,11,5.0
ARTHUR HOLLEN JR.,921.02424,776.2050800000001,4,166.0
DQ Holdings Pty Ltd,918.648,918.648,1,0.0
MEASUREMENT SPECIALTIES INC,917.26,917.26,1,0.0
ACCUTECH FLUID PRODUCTS PTE LTD,917.24438,1142.4065600000001,13,381.0
Industrialtech Products (S.E.Asia) P/L,904.3902,904.3902,1,0.0
"NORTHERN SAFETY CO., INC.",882.7245,19275.49699,789,4749.0
OIL STATES INDUSTRIES DIVISION,874.9649999999999,1079.76408,7,42.0
MAXBAR INC - 04813,873.54,873.54,2,0.0
CATHODIC PROTECTION TECHNOLOGY PL,872.68532,872.68532,3,1.0
HOWCO METALS MANAGEMENT PTE LTD,867.26578,867.26578,7,48.95
Maclean Electrical Group Ltd,856.717,416.52799999999996,6,216.0
Pall Europe Ltd,852.084,852.084,2,4.0
PAN SUN HARDWARE PTE LTD,847.58368,852.88276,123,1065.0
"DYTRAN INSTRUMENTS, INC.",845.55,845.55,1,0.0
Subsea 7 i-Tech Ltd,845.0,845.0,1,0.0
FRANKLIN MACHINE & GEAR CORP,843.79201,843.75151,2,8.0
CARDAN PRECISION ENGINEERING LTD,843.11896,843.11896,1,17.0
EMJ METALS,841.4116900000001,2902.34247,24,1563.0
"RAM ALLOYS, LLC",841.27101,841.08578,22,1022.25
FOCAL TECHNOLOGIES CORP,831.696,764.3676,1,0.0
MILDEF,818.04,388.0,1,0.0
RSD Supplies & Services Ltd,816.97524,1761.45524,9,14.0
SUNLINK ENGINEERING PTE LTD,812.1851,670.3787,1,8.0
MERCER VALVE CO INC,788.07,707.45,1,0.0
HENDERSON & DICK DESIGNS LTD,786.52563,999.10561,75,301.0
TEXCAST INC,785.92,750.88911,4,0.0
ASIA ENTERPRISES (PTE) LTD,784.1602099999999,767.6353099999999,4,0.0
SOLUTION PLASTICS PTE LTD,783.08984,598.15982,8,21.0
NTS MIDDLE EAST FZCO,766.0,766.0,1,0.0
DIGI-KEY ELECTRONICS 753860,761.02953,1439.08353,25,100.0
DNOW LP,743.2955499999999,945.7977,6,93.0
Scotia Surface Hardening Co Ltd,737.31875,1287.31875,1,0.0
LTS LLC,725.0,1892.0,1,0.0
"CLEVELAND MACHINE CO., INC.",714.0,714.0,1,0.0
"SIGMA TUBE & BAR, LLC",709.37444,653.82277,23,355.0
"DOUBLE-E, INC./PARCO INC.",700.9238300000001,711.7900000000001,3,0.0
MP FILTRI UK LTD,689.7743,689.7743,1,1.0
PT. MULIA JAYA MANDIRI,688.35,688.35,1,1.0
TFC PLC,682.98417,674.3802900000001,21,788.0
Kestrel Engineering Services Ltd,672.1,5733.93,6,4.0
RUSH GEARS INC,662.5,661.66667,1,0.0
KIM SENG HUAT HARDWARE PTE LTD,648.9545800000001,648.9545800000001,9,417.0
DXP ENTERPRISES INC,636.59414,967.80665,29,3328.0
Helander Precision Engineering ltd,626.27714,589.62714,4,6.0
CHEE FATT CO (PTE) LTD,621.90418,1577.57996,39,12.0
CERAMETALS CARBIDE LLC,602.3326099999999,601.3842099999999,3,10.0
PREVCO SUBSEA LLC,597.35,597.35,1,0.0
R SMITH & SON INC - 01281,592.8571400000001,1524.0,4,20.0
KEE SAFETY SINGAPORE PTE LTD,589.42819,589.42819,1,0.0
EAGLE GASKET & PACKING CO,586.5071,610.82635,14,31116.5
"COILING TECHNOLOGIES, INC.",581.9664,581.9664,6,135.0
RELIANT NDT LLC,581.45,581.45,6,0.0
Enterra Ltd,580.0,1500.0,1,2.0
LINDE GAS & EQUIPMENT INC,568.73097,584.2458399999999,4,57.0
WELDED RING PRODUCTS CO,565.0,565.0,3,0.0
PROSPER FASTENERS AND FIXINGS LTD,563.88851,678.3465199999999,38,353.0
"TUBULAR STEEL, INC",559.2180000000001,6506.4114,19,2466.0
Hydrobolt Ltd,558.62635,583.14507,36,676.0
GOODFORM GRP PTE LTD,552.0,552.0,1,0.0
Aberdeen Foundries,543.04769,567.77796,2,40.0
IKM Testing Asia Pte Ltd,534.9,534.9,2,1.0
CLIMAX LUBRICANTS/EQPT INC,529.0,935.9,1,0.0
MSO SEALS/GASKETS INC - 00957,523.845,375.0,5,3.0
GLOBAL VALVE & CONTROLS,515.6,515.6,2,3.0
COILING TECHNOLOGIES INC,504.02406,508.29,2,5.0
GLOBAL VALVE & CONTROLS LLC,496.0,484.1,2,2.0
ICL Technical Plastics Ltd,490.07137,451.20339,1,19.0
CORRPRO COMPANIES INC,485.82981,485.82981,2,0.0
MOSS SEAL COMPANY,485.80643,434.5545,42,2533.89
AMERIFORGE CORPORATION,474.0,474.0,2,0.0
STRONGWELL CHATFIELD DIVISION,469.76965,582.52885,4,15.0
PUFFER-SWEIVEN LP,467.80044,19628.52044,8,11.0
THERMO-MOLD INC,460.48908,479.71985,5,55.0
INDIAN RUBBER CO INC,456.97618,456.97618,1,7.0
BRIGHTEN ETCH & ENGRAVING,456.37949000000003,456.37949000000003,13,9.0
LEECO SPRING INTERNATIONAL,449.1952,521.90742,48,2763.0
NATIONAL TUBE SUPPLY CO,448.89059,448.89059,12,209.25
WIKA INSTRUMENTATION PTE LTD,437.20676,437.20676,6,0.0
SAS STEEL ALLOYS & SERIVCES,434.68293,644.59811,27,2268.0
SIGMA TUBE & BAR LLC,415.96521,440.48183,15,2709.5
Mid-Continent Equipment Group Pte Ltd,410.0,410.0,2,0.0
"PRECISION FLAMECUTTING & STEEL, INC.",394.8728,1392.8728,5,0.0
GRAYBAR - 00620,394.00865,2754.0086499999998,5,47.0
CASTLE METALS/A.M. CASTLE & CO,392.49337,435.36337000000003,5,140.5
GLENAIR INC,385.7275,385.7275,1,2.0
"R. SMITH & SON, INC.",384.62,384.62,1,0.0
OAKWELL DISTRIBUTION (S) PTE LTD,382.94531,347.96645,18,142.0
HOSE & FITTINGS INC. - 00714,371.25,359.62,1,1.0
"GAGEMAKER HOLDINGS , LLP",357.705,4354.0,1,0.0
SLS BEARINGS (S) PTE LTD,340.53119,346.37982,6,9.0
SEA LEVEL SYSTEMS INC,329.0,329.0,1,0.0
DRILLTEC TECHNOLOGIES CORP,324.79889000000003,429.06002,12,56.0
R & R MATERIAL SUPPLY CO. INC.,322.5,990.64117,16,641.0
"SALEM TUBE, INC.",311.6,973.75,3,78.0
Oilfield Tool Inspection Ltd,302.445,19223.255,32,25.0
BECK PROSPER LIMITED,279.59739,279.59739,27,340.0
WILLIS ELECTRICAL SALES OF TEXAS,275.5,275.5,1,0.0
FABRICATING SYSTEMS INC,272.53305,272.53305,2,0.0
"GLOBAL O-RING AND SEAL, LLC",271.77493,290.21493,52,466.0
BARRETT STEEL ENERGY PRODUCTS,264.05926999999997,764.1141700000001,31,243.0
Sildun Manufacturing (2001) Ltd,248.76743,298.54457,13,46.0
"VAN ZANDT CONTROLS, LLC.",245.0,465.64286,1,0.0
Rollstud Limited,243.65326,243.65326,6,0.0
APACHE STEEL WORKS LLC,239.27074,239.27074,4,0.0
JOSEPH T RYERSON & SON,238.06933,255.16370999999998,15,850.25
TOTAL POWER INC,233.58,233.58,1,3.0
INTREPID INDUSTRIES - 05767,229.0,298.0,2,2.0
APPLIED CUTTING TECHNOLOGY P/L,227.13384,86.0,1,7.0
MJ EngineeringLtd,225.0,225.0,1,0.0
OCEAN EDGE SERVICES INC,216.0,216.0,2,0.0
"DIAMOND BOLT, INC.",214.07920000000001,27.82769,61,25092.0
SKF USA INC,213.4075,5784.70875,26,46.0
Siemens Subsea Connectors,208.0,208.0,1,0.0
Forth Steel (Murray Plate Group Ltd),204.0,204.0,1,0.0
CLARKWOOD ENGINEERING LTD,202.78,1710.19,18,435.0
PEPPERL+FUCHS PTE LTD,200.30185,200.30185,2,40.0
LIERLEVER PNEULINE PTE LTD,198.8943,702.26859,4,0.0
THYSSENKRUPP MATERIALS NA INC,196.77321999999998,182.78521999999998,5,45.0
"BEST PUMP AND FLOW, L.P.",196.7,251.45,6,31.0
MELLISH ENGINEERING SERVICES LTD,194.15466999999998,193.9728,10,148.0
KENSINGTON ELECTRONICS INC,194.09986,194.09986,2,9.0
Alco Valves Group,192.63,199.26,1,2.0
CONTINENTAL STEEL PTE LTD,181.60572,182.99806999999998,11,17056.86
ENERGY ALLOYS LLC - 00496,181.15986,1417.78296,13,2361.0
FLO-LINE HYDRAULICS PTE LTD,175.88207,175.88207,1,0.0
DILON TRADING (S) PTE LTD,166.07525,166.97138999999999,25,159.0
SINGAPORE SPRING PTE LTD,162.67551,162.67551,12,66.0
VOSS INDUSTRIES LLC,158.55359,257.73455,1,6.0
Shamrock Precision (M) Sdn Bhd,158.35906,162.61326,5,124.0
PEI-GENESIS INC - 03212,156.29,156.29,6,503.0
BISHOP LIFTING PRODUCTS INC.,153.75,153.75,1,1.0
NPI TECHNOLOGIES,153.51,5582.9400000000005,4,13.0
CIC BALL COMPANY,149.64,155.43493,1,13.0
MATCO ASIA SERVICES PTE LTD,149.32,930.11742,2,2.0
IMPALLOY LTD,148.0,148.0,1,18.0
REGAL PLASTICS SUPPLY CO INC,145.8495,126.88389,2,1.0
Wah Joo Seng International Trading P/L,143.8008,143.8008,1,0.0
SIGNAL TRANSFORMER - 05983,139.625,139.625,1,0.0
ERIKS UK,135.30025,257.68347,8,235.0
HYDRAQUIP DISTRIBUTION INC,133.83865,249.6,1,6.0
SING CHOW ENGINEERING CO.,133.14132,133.14132,1,0.0
MADDEN GALVANIZING LLC,132.23864,145.63466,2,12.0
INSTALLOY,129.68180999999998,384.07,4,777.0
WULFRUN SPECIALISED FASTENERS LTD,129.20101,129.20101,8,31.0
LOGISTICS INTERNATIONAL INC,126.0,126.0,9,1.0
D&S MACHINE WORKS INC,117.9,326.0,1,7.0
"EXQUIP-USA, LLC",116.93369,232.51369,4,452.0
DPR,115.69999999999999,145.529,2,20.0
CNC FLOW CONTROL,113.01428999999999,61.19,2,18.0
FRANK'S INTERNATIONAL LLC,112.96666,199.25083,3,4.4
North East Bolting Supplies,109.14614,117.85385000000001,5,22.0
PT. BESTARI MANDIRI UTAMA,106.98,106.98,1,0.0
CHUAN LEONG METALIMPEX CO P/L,106.70142,52.33724,13,22997.260000000002
Midland Precision,105.4,105.4,1,0.0
JD FIELDS & COMPANY INC,104.75,104.75,1,12.0
ATLANTIC METALS & ALLOYS LLC,103.8,103.8,1,4.0
ICP-DAS USA INC,101.15,101.15,1,0.0
FABRICATING SPECIALTIES INC,100.0,0.0,1,0.0
WILSON MFG CO,100.0,100.0,1,3.0
HYDRATECH INDUSTRIES PTE LTD,99.54,542.03748,2,2.0
ABBEY FORGED PRODUCTS,99.222,99.222,1,0.0
HUGHES PETERS,97.65375,97.65375,9,174.0
ERIKS SEALS & PLASTICS INC,96.80448,95.96746,12,146.0
Evergreen Tool Technology Pte Ltd,95.22,493.78692,5,71.0
SANDVIK (S.E.A.) PTE LTD,94.26,5865.44065,40,253.0
SJP Sealing Technology (S) Pte Ltd,93.72664,139.86028,9,66.0
HIGH PRESSURE EQPT CO - 00690,91.4,703.7,8,0.0
EASTWOOD MANUFACTURING,88.94740999999999,68.73937,2,11.0
WINOVA PTE LTD,88.58,88.58,1,0.0
STEEL SUPPLY LP,85.29346,86.38351,33,143988.85
ASSOCIATED SPRING RAYMOND ASIA,83.84087,83.84087,5,56.0
DESTEC ENG. LTD,79.51016,79.51016,1,56.0
VOESTALPINE SPECIALTY METALS,79.1494,79.1494,3,870.0
ALLIED TOOLS OF TEXAS,78.606,191.78025,1,67.0
CENTURY SPRING CORPORATION,78.11901,191.08472,6,76.0
Continental Engineering Enterprise P/L,74.66189,74.66189,2,90.0
HERRY ENGINEERING PTE LTD,74.66014,74.66014,3,37101.88
PACIFIC INDUSTRIAL,72.55989,72.55989,5,79.0
CAINTEK PTE LTD,71.32,0.0,2,1.0
BRT Group,67.80917,66.21301,5,11.0
Red-Leaf Plastic & Steel Products (S) P/L,66.78401,66.78401,8,199.0
GLOBAL ENVIROTECH DBA,65.5,181.25,1,5.0
CSE W-INDUSTRIES,63.085,63.085,1,720.0
DRIL QUIP QATAR LLC,62.39403,41.34359,1,13.0
HAWK VALVE INC - 03808,60.9,60.9,1,1.0
UNIK-WIRE ROPE & CABLE (S) PTE LTD,60.64315,60.64315,3,16.0
PLASTIC MOULDINGS LTD,60.44527,60.44527,1,9.0
GUERRERO PLATING TECHNOLOGY LLC,59.67,49.13125,1,25.0
KENNAMETAL (SINGAPORE) PTE LTD,57.99,1321.49751,13,924.0
American International Industries Pte Ltd,56.50448,57.65589,7,798.2
KEMLON PRODUCTS INC.,54.262139999999995,54.262139999999995,5,490.0
NATIONAL SPECIALTY ALLOYS INC,53.95044,53.95044,5,381.0
ESCO PRODUCTS INC - 06025,53.358729999999994,120.67617,3,7.0
SUPERIOR PERFORMANCE INC.,50.0,224.26665,5,35.0
VOESTALPINE HIGH PERFORMANCE METALS UK,49.865449999999996,88.19651,8,4821.54
TOP CARBIDE PTE LTD,49.41,52.07938,2,16.0
PROSPECT FASTENER CORPORATION,47.148610000000005,64.38561,64,34915.0
HCL FASTENERS CORPORATION,44.47886,44.47886,6,509.0
BOHLER PACIFIC PTE LTD,43.17696,43.17696,2,41.25
JEP INDUSTRADES PTE LTD,41.56,910.03246,9,133.0
THYSSEN KRUPP MATERIALS NA INC,40.37149,39.15072,8,347.25
TEXAS PRECISION METALCRAFT,40.073930000000004,898.0339299999999,6,102.0
CROMDANE STEEL INC.,39.77236,252.27236,5,35.0
NICHOLSONS SEALING TECH LTD,38.87938,65.29,1,4.0
DXP ENTERPRISES INC.,38.75453,20107.79436,703,719.0
"J&B FASTENERS, LP",38.679069999999996,38.679069999999996,2,18.0
FARMERS COPPER LTD,38.10416,39.55972,6,223.75
RAM TUBULARS SCOTLAND LTD,35.75,35.75,1,20.0
SETSCO SERVICES PTE LTD,35.66,35.66,1,0.0
TRIPLE S STEEL SUPPLY CO.,33.98928,34.57261,40,1628.5
NORTHWEST FASTENER,33.81248,41.325,3,32.0
MORRIS METALS SERVICE INC,32.58,66.98131,5,0.0
DICHTOMATIK AMERICAS,32.40398,39.29971,9,179.0
LEONG JIN CORPORATION PTE LTD,32.17948,32.17948,3,2795.5
STEEL TRADING CORP OF AMERICA,32.0,32.0,1,21.52
BARCLAY & MATHIESON LTD,29.87676,29.969269999999998,21,14866.62
BAL SEAL ENGINEERING INC,26.08104,26.08104,1,17.0
TT TOOLING SYSTEMS,25.3,64.27649,5,120.0
LEAD PRODUCTS CO INC - 00913,25.1633,25.1633,3,72.0
JOSEPH T. RYERSON & SONS INC,24.939999999999998,24.939999999999998,2,0.0
FLANGE PROTECTION & GASKETS INC,23.770220000000002,25.84791,9,174.0
HILTI INC - 00697,23.010099999999998,241.84010000000004,4,225.0
TUBE DEVELOPMENTS (GLASGOW) LT,22.78114,23.920560000000002,5,709.8
SKF Uk Ltd,21.349999999999998,29.69375,3,500.0
HALLIBURTON,20.7966,21.93107,1,4.0
BEST STAINLESS & ALLOYS LP,20.61,20.61,1,81.0
DURATECH COATING INC - 05124,19.15783,527.44125,100,88.0
AEROFAST INC- 00040,19.01,4.97111,1,30.0
NUT PLACE INC - 01128,18.6783,427.90533,194,83.0
Steel Plate & Sections Ltd,18.42202,18.54557,15,4494.8
LEECO SPRING INT'L,16.70437,20.98741,7,2100.0
WALTER AG SINGAPORE PTE LTD,16.34,75.60515,4,9.0
PROJOE INDUSTRIES PTE LTD,15.96787,15.96787,3,77.0
Grampian Fasteners,15.92,17.23,5,28.0
Future Synthetics Pte Ltd,15.90279,15.90279,1,0.0
CHYE HIN HARDWARE PTE LTD,14.83093,14.83093,20,17658.1
JIM RAY COMPANY INC,14.6,18.12,1,13.0
TRUSTECH TOOLS & MACHINERY,14.06,6098.43786,106,808.0
"R SMITH & SON, INC.",12.0,404.86027,16,195.0
Haskel Europe Limited,11.36111,1117.53111,11,20.0
AMERICAN PIPING PRODUCTS INC,10.45951,10.45951,3,389.0
ARCELORMITTAL S'PORE PTE LTD,9.98412,9.98412,1,449.45
KLOECKNER METALS CORPORATION,9.9437,10.02665,25,8605.25
EARLE M JORGENSEN (ASIA) SDN BHD,9.91575,9.91575,1,19.0
"KEY BELLEVILLES,INC",9.8,20.6,2,6.0
STAUFF UK LTD,9.73667,404.73667,3,6.0
ELLWOOD QUALITY STEELS CO,9.61079,55259.610779999995,14,0.0
HILTI FAR EAST PTE LTD,9.2721,9.2721,1,25.0
SSH CORPORATION PTE LTD,8.86216,1589.66926,13,1721.27
PONDEROSA PRECISION PLASTICS,8.65995,15.83852,9,709.0
DELTA STEEL INC,8.27576,8.27576,8,0.0
NATRON INTERNATIONAL PTE LTD,7.71032,8.30813,1,40.0
MIC-ALL MACHINING INC,7.6385,60.87396,1,27.0
INDIUM CORPORATION OF AMERICA,6.07144,6.07144,2,0.0
NOV MSI PIPE PROTECTION TECHNOLOGIES,5.50174,5.50174,2,27.0
EUTEX INTERNATIONAL INC,5.5,5.5,2,85.0
Lee Springs Ltd.,5.24475,9.76,1,8.0
MSC INDUSTRIAL SUPPLY,5.15444,33.40111,3,74.0
C4 INDUSTRIAL INC,4.72,87.32184,12,0.0
EMEDCO INC - 05068,4.61,4.61,2,3.0
AEROFAST INC,4.45047,4.45047,1,105.0
OAKGREEN HOLDINGS PTE LTD,4.0082,4.0082,1,0.0
CHIN YUAN METAL PTE LTD,3.86548,3.86548,2,0.0
KREHER STEEL CO LLC,3.7306,3.7306,1,259.0
SOURCE MANUFACTURING PTE LTD,3.72822,3.72822,1,165.0
SOUTH COAST SUPPLY CO- 01410,3.35,3.35,1,0.0
MCMASTER-CARR SUPPLY CO.,3.29644,92.71003,9,602.0
ACE ELECTRONICS - 00022,3.0,3.0,1,10.0
HUPSTEEL LIMITED,2.73656,2.73656,3,546.0
HOE HUAT HARDWARE (S) PTE LTD,2.57699,2.57699,1,0.0
Van Leeuwen Pipe and Tube (S) Pte Ltd,2.29013,2.29013,1,32.0
FASTENAL COMPANY,1.81909,1.81909,1,11.0
ESSENTRA PTE LTD,1.26379,1.26379,1,125.0
ASSOCIATED SPRING RAYMOND,1.23,1.81311,1,96.0
NORTH SHORE STEEL dba,1.17825,4.73339,3,57.0
ULINE,1.07828,878.15377,17,19.0
PERFORMANCE SEALS INC - 01503,0.91003,24.82,2,12.0
ENSINGER PRECISION ENGINEERING LTD,0.889,0.889,1,9.0
LIAN CHEONG HARDWARE (PTE) LTD,0.87684,0.87684,1,0.0
STEEL PLATE & SECTIONS LTD,0.69296,0.69296,1,0.0
REGENCY STEEL ASIA PTE LTD,0.60278,0.60278,2,1356.0
NUCOR STEEL MEMPHIS INC,0.57879,0.57879,1,0.0
Essentra Pipe Protection Technologies,0.55224,0.55224,1,0.0
"BERKSHIRE PRODUCTION SUPPLY, LLC",0.28477,155.03202,18,1527.0
DRIV-LOK INC - 00456,0.1541,0.1541,1,2678.0
BATT CABLES (PLC) COMPANY,0.09906,0.09906,1,2630.84
ERIKS PTE LTD,0.09381,0.09381,1,218.0
POLYFLUO ASIA PTE LTD,0.0933,0.0933,1,1534.0
GRIFFIN TRADE GROUP LLC,0.05563,0.05563,1,0.0
HIAP CHUAN HARDWARE PTE LTD,0.02433,0.02433,1,35674.75
Dhatec BV,0.0,41.32495,1,0.0
Dril-Quip Ghana Ltd,0.0,44.38339,23,93.0
DYNAMIC DISPLAYS INC,0.0,0.0,1,0.0
E & IH SERVICES LLC,0.0,0.0,1,0.0
Dril-Quip Nigeria Ltd,0.0,0.0,1,0.0
DTECH CALIBRATION TOOLS,0.0,0.0,3,0.0
DRIL-QUIP INC.,0.0,0.0,1,0.0
E&M Hydraulic Services Ltd,0.0,24153.52,4,0.0
D & W NAMEPLATE SVC INC - 00392,0.0,24.71429,1,1.0
CORE REFRACTORY SYSTEMS,0.0,0.0,1,0.0
"CREATIVE OFFICE FURNITURE, INC",0.0,0.0,3,0.0
CROWN EQUIPMENT CORPORATION,0.0,0.0,2,0.0
CUSTOM FIRE PROTECTION OF TEXAS,0.0,0.0,1,0.0
TOWNLEY LUMBER CO INC,0.0,0.0,3,90.0
TOYOTALIFT OF HOUSTON #T04144 - 06078,0.0,0.0,1,0.0
TPC WIRE & CABLE CORP,0.0,0.0,1,0.0
"TRADEMARKS PROMOTIONAL PRODUCTS, LP",0.0,0.0,2,0.0
CLIMAX LUBRICANTS & EQUIPMENT,0.0,25.39,1,0.0
COMBI-TOOLS (SINGAPORE) PTE LTD,0.0,75.19741,1,0.0
COMPLIANCE SIGNS INC,0.0,0.0,1,0.0
DOOR SPECIALISTS COMPANY,0.0,0.0,1,0.0
TOOL TEC LIMITED,0.0,6786.115,3,0.0
DECO MANUFACTURING,0.0,15.18324,1,14.0
DEESIDE LIFTING & INSPECTION LTD,0.0,0.0,1,0.0
DELTA REFRACTORIES INC,0.0,0.81,2,0.0
DETECT SERVICES CORPORATION,0.0,0.0,2,0.0
DEVCO CORPORATION - 02194,0.0,0.0,1,0.0
"TIW HUNGARY LLC. ""U.L.‚Äù",0.0,49656.92976,27,63.0
TOOL FLO MANUFACTURING INC,0.0,3028.8355500000002,65,2257.0
TEXAS ReEXCAVATION,0.0,0.0,1,0.0
"TOOLEX, INC",0.0,0.0,5,0.0
TOP NOTCH EDM SERVICES,0.0,17121.25,2,0.0
TOP TOOLING INC,0.0,2806.0458,73,1922.0
TOP TOOLING INC.,0.0,1.88941,1,68.0
CUTTING TOOLS INC,0.0,742.56124,16,139.0
DOWNHOLE THREADING,0.0,3900.0,1,1.0
EZTEK LTD GBP,0.0,13739.85,1,0.0
TALOS ENERGY,0.0,0.0,11,15.0
TANKS-A-LOT INC - 06290,0.0,12577.0,1,0.0
TARGET COMPLETIONS LLC,0.0,5335.0,2,10.0
ENERQUIP LIMITED,0.0,0.0,1,0.0
ENVIRONEERING INC - 03736,0.0,0.0,1,0.0
"EPCO PRODUCTS, INC.",0.0,4.21,1,20.0
EQUIPMENT DEPOT,0.0,0.0,3,0.0
G&P ENGINEERING SERVICES PTE LTD,0.0,1643.7295000000001,3,1.0
FRANK'S INTERNATIONAL,0.0,35641.0,4,6.0
FRANK'S RAWABI (S.A.) Ltd.,0.0,36645.5,4,0.0
DARR EQUIPMENT,0.0,0.0,73,0.0
FORGE SYSTEMS INC - 05250,0.0,0.0,3,0.0
FORKLIFTS & TIRES - 00550,0.0,0.0,5,0.0
FORT BEND BATTERY & GOLF CARTS,0.0,0.0,26,0.0
"FORUM US, INC.",0.0,3526.6,1,1.0
Scotia Instrumentation Ltd,0.0,0.0,11,4.0
Specialist Services Holdings Pte Ltd,0.0,0.0,1,0.0
FIBRON BX LTD,0.0,0.0,1,0.0
FINCH ALTERNATOR,0.0,0.0,2,0.0
FINDHORN COATINGS INSPECTION LTD.,0.0,1190.0,1,0.0
"FIVES MACHINING SYSTEMS, INC",0.0,0.0,5,0.0
HARBACH,0.0,0.0,3,99959.75
FUSECO,0.0,0.0,1,0.0
TEXAS STRESS INC,0.0,0.0,1,0.0
THERMO-TEMP INCORPORATED,0.0,0.0,2,0.0
THIRD COAST INDUSTRIAL,0.0,71.36749999999999,15,64.0
TIMKEN CORPORATION,0.0,1479.85,1,10.0
DNV GL AS,0.0,20365.96,1,0.0
DON HART'S RADIATOR SERVICE CENTER INC,0.0,0.0,3,0.0
ESAB ASIA/PACIFIC PTE LTD,0.0,483.63021000000003,2,2.0
ESCO PRODUCTS,0.0,1120.0,2,1.0
"ESGARD, INC.",0.0,1385.85,1,1.0
EUREKA TOOLS PTE LTD,0.0,3201.39333,17,99.0
TDC (Aberdeen) Ltd,0.0,1221.67,1,1.0
EVOLVE COLLECTIVE LLC,0.0,0.0,1,0.0
TECHNOLOGY & CALIBRATION INC.,0.0,53.0,2,25.0
"TEJAS MATERIALS, INC.",0.0,33.85714,1,0.0
TEXAS GASKET/PACKING CO,0.0,0.0,7,0.0
TEXAS MARKING PRODUCTS,0.0,0.0,1,0.0
TEXAS PIPE DRIFTS,0.0,9608.85714,14,29.0
EISENBAU KRAMER GmbH,0.0,27299.1,1,0.0
ELLIOTT ELECTRIC SUPPLY INC,0.0,0.0,2,0.0
Enermech Ltd.,0.0,371.0,2,0.0
Everwell Cables & Electrical (S.E.A.) Pte Ltd,0.0,2817.2744,1,0.0
FAIR CHEM INDUSTRIES PTE LTD,0.0,259.8084,1,0.0
FALCK SAFETY SERVICES CANADA INC,0.0,0.0,1,0.0
TECHNOLOGY & CALIBRATION INC,0.0,0.0,1,0.0
Weatherford (Malaysia) Sdn Bhd,0.0,0.0,0,0.0
AAA COMMERCIAL SERVICES,0.0,0.0,1,0.0
ALLOY METALS & TUBES INTL INC,0.0,0.0,12,0.0
ALLTEX WELDING SUPPLY INC,0.0,6.0,18,0.0
ALPHASENSE INC,0.0,0.0,1,0.0
ALPINE LUMBER SALES INC,0.0,0.0,8,0.0
AMERICAN DOOR PRODUCTS INC,0.0,0.0,3,0.0
AMERICAN NATIONAL CARBIDE,0.0,9.10209,3,0.0
AML INDUSTRIES INC - 00096,0.0,0.76,1,0.0
WAREHOUSE RACK CO LP,0.0,0.0,3,0.0
WAUKESHA-PEARCE INDUSTRIES LLC,0.0,22663.98778,5,5.0
WAYNE ENTERPRISES INC,0.0,0.0,4,0.0
FMC TECHNOLOGIES SINGAPORE PTE LTD,0.0,1558713.0,2,0.0
WEATHERFORD US LP - 05509,0.0,13116.35,3,8.0
WEIR AMCO,0.0,8160.8,2,0.0
WELLBORE INTEGRITY SOLUTIONS,0.0,0.0,1,0.0
AHERN RENTALS,0.0,0.0,2,0.0
AIMS INTERNATIONAL,0.0,39891.0,2,0.0
AZTEC RENTAL SERVICES,0.0,0.0,2,0.0
BAG CORP,0.0,25.24324,1,0.0
ASSESS ENTERPRISE ENGRG PTE LTD,0.0,786.23018,7,45.0
ASSOCIATED SALES & BAG CO.,0.0,449.76,4,13.0
ATLAS SLING CO INC,0.0,0.0,1,0.0
AUTOMATION DIRECT.COM INC,0.0,300.0,1,0.0
AXON PRESSURE PRODUCTS,0.0,41.075,1,2.0
WB ALLOY WELDING PRODUCTS LTD,0.0,0.0,1,0.0
Wellahead Engineering Ltd.,0.0,1042.0,1,0.0
Winston Engineering Corporation Pte Ltd,0.0,1019.84017,2,1.0
X-ERGON - 04265,0.0,0.0,1,0.0
"XL SYSTEMS, L.P.",0.0,12426.335,17,7.0
YORK PRECISION MACHINING & HYDRAULICS LLC,0.0,5095.97693,1,0.0
Yardbury,0.0,0.0,2,3.0
ZEP/ACUITY SALES & SERVICE,0.0,859.43441,23,170.0
ZOLLER TOOLS SINGAPORE,0.0,32.99198,3,26.0
PLUSCO INC - 04858,0.0,510.88,8,0.0
POWER SUPPLY COMPONENTS,0.0,0.685,17,0.0
PRATT INDUSTRIES INC,0.0,0.0,8,0.0
PRESSURE LINKS LP,0.0,158.6,2,0.0
WYLIE CONSTRUCTION SERVICES LLC,0.0,0.0,1,133998.0
ABRASIVES & ALLIED PRODUCTS INC.,0.0,1.35,1,0.0
ACTION CLEANING EQPT CO,0.0,0.0,6,0.0
ADVAN REPS,0.0,97.83899,3,301.0
"ADVANCED ENERGY SOLUTIONS, LLC",0.0,46.25,1,7.0
ADVANCED WEIGH TECHNOLOGIES INC,0.0,0.0,1,0.0
AEGIS HEDGING SOLUTIONS,0.0,0.0,1,0.0
WOOD GROUP KENNY INC.,0.0,308967.0,3,0.0
WOODCO USA,0.0,559.54276,1,0.0
WORKING SOLUTIONS INC,0.0,0.0,3,0.0
WORKSTRINGS INTL LLC - 05837,0.0,0.0,1,0.0
WORKSTRINGS LLC,0.0,11727.39,5,3.0
WORTHINGTON DIRECT,0.0,0.0,5,0.0
ABC NITROGEN SERVICE CORP,0.0,0.0,1,0.0
BTA HELLER INC 07098,0.0,27.27,1,64.0
ULTRA-MET COMPANY,0.0,14.2,13,0.0
ULTRAPURE & INDUSTRIAL SVCS LLC,0.0,0.0,2,0.0
UNITED GRINDING NORTH AMERICA,0.0,0.0,2,0.0
UNITED RENTALS (N AMERICA) INC,0.0,0.0,1,0.0
UNITED VISION LOGISTICS,0.0,8147.5,1,2.0
UNITY WELL INTEGRITY UK LTD,0.0,0.0,1,7.0
BEVIN ENTERPRISE (S) PTE LTD,0.0,99.27711,2,10.0
CONTROL CONCEPTS INC,0.0,0.0,3,0.0
CORDYNE INC,0.0,0.0,2,0.0
CENTURY MACHINE,0.0,0.0,4,0.0
CHANNEL BEARING & SUPPLY CO INC,0.0,0.0,45,0.0
Vector Supplies Ltd,0.0,20.44,2,88.0
CLEMTEX INC,0.0,0.0,2,0.0
TURTLE & HUGHES INC,0.0,4.73756,1,643.82
Total Marine Technology Pty Ltd,0.0,6199.93574,1,0.0
CAMFIL USA INC,0.0,5.30731,1,0.0
CAMOCUT TOOLING SYSTEMS,0.0,9.09761,5,60.0
CARBOLINE COMPANY,0.0,203.27717,13,5.0
CARBOLINE PREMIUM CUTTING TOOLS,0.0,575.49769,33,777.0
CDW DIRECT LLC,0.0,37.79,1,8.0
CENTIMARK CORP.,0.0,0.0,1,0.0
"CUTTING TOOLS, INC.",0.0,877.71597,15,764.0
CY-FAIR TIRE,0.0,0.0,7,0.0
D & P TECHNOLOGIES INC,0.0,41.5,3,0.0
CHICKASAW DISTRIBUTORS INC,0.0,21788.31,1,0.0
WALTER OIL & GAS,0.0,0.0,10,8.0
ANDERSON &  ASSOCIATES INC,0.0,1125.0,3,1.0
ANGELINA AMERICAN INC,0.0,750.5425299999999,14,99.0
APICS HOUSTON,0.0,0.0,6,0.0
APOLLO OFFSHORE ENGINEERING,0.0,9900.0,1,0.0
ARC SPECIALTIES INC,0.0,0.0,1,0.0
BLACK DIAMOND,0.0,5556.25,1,8.0
BMP PARTNERS INC,0.0,0.0,2,0.0
BOATMAN INDUSTRIES INC,0.0,6600.0,1,1.0
BOBCAT OILFIELD SOLUTIONS & SERVICES LLC,0.0,17796.0,3,1.0
VALLOUREC OIL & GAS,0.0,0.0,1,0.0
VAM FAR EAST PTE LTD,0.0,0.0,3,0.0
BSL OFFSHORE CONTAINERS PTE LTD,0.0,17100.0,1,0.0
"BANNER LABS, INC.",0.0,25.58333,1,97.0
BASS TOOL & SUPPLY INC,0.0,832.24654,33,89.0
"BATTERY SOLUTIONS, LLC",0.0,0.0,1,0.0
BECKMAN COULTER INC,0.0,0.0,1,0.0
BEHRINGER SAWS INC.,0.0,0.0,1,0.0
BELL FLOW SYSTEMS LTD,0.0,12500.980000000001,9,13.0
BELLEFLEX TECHNOLOGIES,0.0,25.78,1,0.0
BUREAU VERITAS SINGAPORE PTE LTD,0.0,345606.67,1,0.0
C & H PIPE SERVICES INC,0.0,9571.25,9,1.0
"C4 INDUSTRIAL, INC",0.0,60.47474,3,574.0
"BOOMERANG PACKAGING, INC.",0.0,0.8316,1,1200.0
BOSCH REXROTH CORP,0.0,257494.51666999998,7,0.0
BRIGGS EQUIPMENT - 03698,0.0,0.0,7,0.0
VASS PIPE & STEEL CO INC,0.0,23764.0,3,0.0
METALCOOL PTE LTD,0.0,790.13288,6,11.0
MEYER LABORATORY INC,0.0,282.99998,1,0.0
MITSUBISHI ELECT AUTOMATION INC,0.0,0.0,1,0.0
MITTS & MERRILL L.P.,0.0,218.0,1,7.0
MK SYSTEMS,0.0,0.0,2,0.0
MAZAK CORPORATION,0.0,0.0,7,0.0
MC MACHINERY SYSTEMS INC - 05712,0.0,98.0,1,2.0
MEGA PETROLEUM INSPECTION P/L,0.0,1e-05,2,5.0
MEISTER SUPPLY COMPANY,0.0,0.0,1,0.0
RADWELL INTERNATIONAL INC,0.0,0.0,4,0.0
REACTIVE DOWNHOLE TOOLS LTD,0.0,1710.0,1,0.0
MARENA INDUSTRIES INC,0.0,13.08537,1,0.0
SUNSOURCE/AIRDRECO,0.0,78.5461,1,0.0
NETLIFT CRANE LLC,0.0,0.0,12,0.0
NJ MALIN & ASSOCIATES LLC,0.0,0.0,4,0.0
NORBAR TORQUE TOOLS PTE LTD,0.0,0.0,1,0.0
NORTHWEST DRIVE TRAIN SVC - 04213,0.0,0.0,5,0.0
McNICHOLS COMPANY - 01015,0.0,0.0,1,0.0
McWILLIAMS SALES & SERVICE INC,0.0,0.0,1,0.0
Merck Pte.Ltd.,0.0,195.3895,1,4.0
MOTION INDUSTRIES INC - 01070,0.0,1510.71,3,0.0
MP FILTRI USA INC,0.0,0.0,1,0.0
MSC INDUSTRIAL SUPPLY CO INC,0.0,359.68048,26,55.0
McMAHON STEEL SUPPLY INC,0.0,19882.421420000002,5,0.0
QUAKER HOUGHTON,0.0,1474.8666699999999,2,4.0
MARTIN SURGICAL SUPPLY CO,0.0,0.0,2,0.0
LINDSEY ELECTRIC LP,0.0,0.0,5,0.0
LJA METALS & PRODUCTS,0.0,0.0,1,0.0
LLOYD'S REGISTER N AMERICAS INC,0.0,3333.34,1,0.0
LODGE LUMBER CO INC 02534,0.0,0.0,2,0.0
RS COMPONENTS PTE LTD,0.0,39.06904,1,0.0
RSC  (RIGGING SUPPLY COMPANY),0.0,73.77916,1,0.0
Rollstud Ltd,0.0,222.82297,7,792.0
L&O PLUMBING INC - 03588,0.0,0.0,11,0.0
"LABEL PRODUCTS, INC",0.0,66.23857,1,21.0
LAI SPRINGS & METAL MFG PTE LTD,0.0,6.47517,1,12.0
MATERION BRUSH INC,0.0,28157.440000000002,2,0.0
MATHESON TRI-GAS INC.,0.0,6.3013,1,207.0
LTS ENERGY LTD,0.0,41.68365,1,8.0
M & M OIL TOOLS,0.0,1307.77,1,0.0
M&D DISTRIBUTORS INC,0.0,0.0,19,0.0
MAC NDT SERVICES LLC,0.0,0.0,12,0.0
MACDERMID PERFORMANCE SOLUTIONS,0.0,7746.7613200000005,2,0.0
MACHINE TOOLS SUPPLY,0.0,565.7807,27,84.0
MAGID GLOVE/SAFETY MFG LLC,0.0,90.37137,7,155.0
MAGNATAG PRODUCTS - 02736,0.0,0.0,1,0.0
MAGNUM METAL TREATING INC - 00971,0.0,779.04952,7,0.0
ROADRUNNER RUBBER CORP - 05940,0.0,0.0,3,0.0
ROLL RITE INC,0.0,0.0,1,0.0
LORAN-GULF COAST HOLDING CO INC,0.0,0.0,1,0.0
LRQA Inc.,0.0,50799.775,3,4.0
MAXPRO SOUTH INC - 03526,0.0,116.0,1,0.0
OIL STATES PIPER VALVE,0.0,131200.0,7,8.0
OIL STATES PIPER VALVE SYSTEMS,0.0,24774.0,2,0.0
ABATIX CORP,0.0,8.40829,1,0.0
AIR POWER RESOURCES PTE LTD,0.0,4263.23,1,0.0
AIRGAS USA LLC,0.0,448.32093000000003,27,2360.0
AJ ROD CO LTD,0.0,6092.69707,150,299.0
AJ ROD COMPANY LTD.,0.0,147.027,2,74.0
AL MASAOOD OIL INDUSTRY SUPPLIES & SERVICES CO.WLL,0.0,18407.01,1,0.0
ALLALLOY DYNAWELD PTE LTD,0.0,1319.9861999999998,3,31.0
"WEST SALEM MACHINERY CO., INC.",0.0,0.0,2,0.0
"WHITENER ENTERPRISES, INC,",0.0,0.0,1,0.0
WHITFORD CORPORATION,0.0,0.0,8,0.0
QUINCY COMPRESSOR LLC,0.0,0.0,54,0.0
WILSON FIRE EQUIPMENT,0.0,0.0,15,0.0
WKS INDUSTRIAL GAS PTE LTD,0.0,867.03589,5,412.0
WKS WELDING PRODUCTS PTE LTD,0.0,84.48454,1,48.0
ABSG CONSULTING INC.,0.0,0.0,1,0.0
A2LA AMERICAN ASSOCIATION FOR,0.0,0.0,1,0.0
A-Mac Environmental Ltd,0.0,0.0,1,0.0
A & H TOOLING,0.0,118.20672,1,2.0
A & A GRAPHICS SUPPLY INC,0.0,0.0,9,0.0
ABSG Consulting Inc,0.0,1412.84922,1,2.0
ACE INDUSTRIES INC,0.0,0.0,1,0.0
ACES A/C SUPPLY INC - 05253,0.0,0.0,2,0.0
PARKER HANNIFIN S'PORE PTE LTD,0.0,83.04995,1,0.0
WILDCAT ELECTRIC - 02878,0.0,0.0,8,0.0
METAL SAWING TECHNOLOGY,0.0,0.0,1,0.0
OMEGA STEEL COMPANY,0.0,53479.0,5,0.0
O'CONNELL MACHINERY CO INC,0.0,0.0,6,0.0
ODESSA PUMPS & EQUIPMENT,0.0,0.0,1,0.0
ODIN HEAVY INDUSTRIES LLC,0.0,2601.5,12,20.0
Neptune Offshore Services,0.0,0.0,3,0.0
PROSPER MACHINE TOOLS,0.0,225.0,1,2.0
"PROTEK SYSTEM, LLC",0.0,246.28,2,18.0
PSX INC.,0.0,0.0,4,0.0
PT SOULTIONS,0.0,578.50829,33,130.0
PURE WORKS INC.,0.0,0.0,1,0.0
PURVIS INDUSTRIES LTD,0.0,0.0,2,0.0
OHIO TOOL WORKS LLC,0.0,67.0,73,1.0
PARKER SEAL GROUP - 04098,0.0,179.95,1,24.0
PINE ENVIRONMENTAL SERVICES,0.0,0.0,2,0.0
"OSECO, INC.",0.0,165.20833,1,36.0
OTM CONSULTING LTD. - 05241,0.0,0.0,1,0.0
OVERHEAD DOOR,0.0,0.0,1,0.0
PRINT-O-GRAPH OF AMERICA,0.0,0.0,1,0.0
PROCUT PRECISION (S) PTE LTD,0.0,427.98733,2,8.0
PRODUCTION LINK PTE LTD,0.0,1314.58972,2,0.0
PROFORMA - 06114,0.0,0.0,3,0.0
PROSERV CRANE GROUP,0.0,0.0,21,0.0
OFFICE DEPOT,0.0,0.66385,1,41.0
OFFSHORE RENTAL LLC/TIGER OFFSHORE,0.0,18526.88334,23,68.0
NATIONAL SAFETY COUNCIL - 03318,0.0,0.0,1,0.0
GUHRING (SINGAPORE) PTE LTD,0.0,17.56085,1,10.0
GULF ATLANTIC PACKAGING CORP,0.0,0.0,7,0.0
HAPECO INC,0.0,0.0,1,0.0
HOLT INDUSTRIAL SYSTEMS,0.0,0.0,1,0.0
HOUSTON BEARING/SUPPLY CO INC,0.0,99.05075,1,10.0
STAPLES  ADVANTAGE,0.0,271.25283,9,2.0
"STEEL SUPPLY,INC.",0.0,144.575,1,12.0
STEP-KO PRODUCTS LLC,0.0,8.08,1,0.0
STEWART BUCHANAN GAUGES LTD,0.0,399.67111,1,9.0
HIGH POINT SANITARY SOLUTIONS,0.0,233.3585,6,423.0
HIGH TECH EQPT - 00693,0.0,20.64,1,10.0
HIGH TECH TOOL INC,0.0,1401.35255,50,1924.0
LINCOLN ELECTRIC CO - 04823,0.0,0.0,22,0.0
HIS MECHANICAL LLC,0.0,0.0,4,0.0
HOCKER INC - 00701,0.0,94.76524,6,0.0
IMENCO AS,0.0,3500.0,5,4.0
IMPACT FIRE SERVICES,0.0,0.0,1,0.0
INDUSTEQ INC,0.0,0.0,2,0.0
INDUSTRIAL BEARING & SERVICES,0.0,1425.66354,38,128.0
INDUSTRIAL MACHINE TOOL INC,0.0,0.0,1,0.0
HYTORC SOUTH EAST ASIA PTE LTD,0.0,114.78,1,0.0
SOUTH COAST PRODUCTS LP,0.0,110.89,1,30.0
SOUTHWEST CALIBRATION SVC INC,0.0,0.0,1,0.0
SOUTHWESTERN GAGE INC,0.0,0.0,1,0.0
SPARKLING CLEAR INDUSTRIES,0.0,6.07363,10,0.0
"HIGH TECH TOOL, INC.",0.0,664.97121,30,1813.0
HARDINGE GRINDING GROUP,0.0,0.0,2,0.0
GRAPHITE METALLIZING CORP,0.0,0.0,1,0.0
GREEN'S BLUE FLAME GAS CO INC,0.0,0.0,3,0.0
GREEN'S BLUE FLAME GAS CO. INC,0.0,18.5,1,0.0
GREENLEAF CORPORATION,0.0,933.54368,33,50.0
GROVES INDUSTRIAL SUPPLY,0.0,289.65455000000003,3,469.0
"GSI AMERICA CLEANING SERVICES, INC",0.0,0.0,1,0.0
GT DIAMOND DRILLING SERVICES LIMITED,0.0,0.0,1,0.0
SUN TEC CORPORATION - 06083,0.0,0.0,1,0.0
SUNNEN PRODUCTS COMPANY,0.0,148.32067,4,132.0
AIR FILTER SUPPLY (AFSCO INC),0.0,0.0,17,0.0
SURFACE PREPARATION-TEXAS LLC,0.0,0.0,2,0.0
SUMITOMO CORPORATION EUROPE LTD USD,0.0,2649.65929,1,0.0
GLOBAL INDUSTRIAL,0.0,232.12,7,0.0
HOLDEN CUSTOM PRODUCTS - 00707,0.0,0.0,1,0.0
HB INDUSTRIAL SUPPLY SDN. BHD.,0.0,58.1943,1,0.0
HCS Control Systems Ltd,0.0,1186.48,10,8.0
HEITMAN COMPANY INC - 00683,0.0,0.0,1,0.0
HELLIER TRAINING,0.0,800.0,3,1.0
HEM INC (HEMSAW) - 02105,0.0,0.0,4,0.0
HENG SEAH ENGINEERING&TRADING SVC,0.0,1026.20175,2,2.0
"HEXAGON TECHNICAL SERVICES, LLC",0.0,3210.0,1,1.0
"STI ELECTRONICS, INC.",0.0,0.0,1,0.0
SUB-DRILL SUPPLY LTD,0.0,18515.0,2,3.0
SUBSEA COMPONENTS (AKER SOLUTIONS LTD),0.0,0.0,2,0.0
GEARENCH INC - 00588,0.0,0.0,1,0.0
INTERTEK TECHNICAL SERVICES INC,0.0,5727.89201,1,20.0
ITECHPLUS SERVICES LLC,0.0,1079.14926,31,132.0
J & S SUBSEA LTD,0.0,0.0,2,1.0
"J-HOBBS MACHINE CORP., THE",0.0,5808.0,2,3.0
J.A.M. DISTRIBUTING CO - 02162,0.0,465.54999999999995,35,0.0
JAM DIST. CO.,0.0,0.0,1,0.0
JANITORS WAREHOUSE INC- 04409,0.0,148.33647000000002,4,166.0
LANDSBERG,0.0,1117.19809,30,1769.0
LANSDOWNE-MOODY CO LP,0.0,0.0,3,0.0
"LAPMASTER INTERNATIONAL, LLC",0.0,0.0,2,0.0
LASER CLADDING TECHNOLOGY LTD,0.0,0.0,3,0.0
KINETIC CONTROLS & INNOVATION LTD,0.0,0.0,1,1.0
"HY-LOK USA, INC",0.0,1626.0,1,3.0
KANO LABORATORIES INC,0.0,14.50211,1,0.0
KENNAMETAL INC,0.0,798.4887200000001,64,2552.0
KERGER MARINE ELECTRIC INC - 00876,0.0,0.0,2,0.0
KEYENCE CORPORATION OF AMERICA,0.0,0.0,1,0.0
SELBY ENGINEERING AND LIFTING SAFETY LTD,0.0,14738.36,1,0.0
SETON IDENTIFICATION PRODUCTS,0.0,0.0,2,0.0
SEW EURODRIVE,0.0,0.0,1,0.0
JEBSEN & JESSEN TECHNOLOGY PTE LTD,0.0,5023.24417,12,86.0
JET LUBE INC - 00852,0.0,354.3,2,1.0
"LUBRICATION SPECIALISTS, INC.",0.0,27.9463,3,453.0
Lian Heng Canvas Trading Pte Ltd,0.0,800.1026,1,0.0
LETSOS COMPANY,0.0,0.0,5,0.0
KONECRANES INC,0.0,0.0,2,0.0
HYDAC Technology Private Limited,0.0,37.7311,1,0.0
"JDR CABLE SYSTEMS INC,",0.0,373747.0,1,0.0
JEBSEN & JESSEN TECHNOLOGY (S) P/L,0.0,642.26809,5,24.0
INDUSTRIAL SCALE COMPANY,0.0,0.0,1,0.0
"INDUSTRIAL SCREEN & MAINTENANCE, INC.",0.0,1834.0,3,0.0
INDUSTRIAL SHIPPERS SUPPLY INC,0.0,0.0,5,0.0
INDUSTRIAL TAPE & LABEL CORP,0.0,0.0,1,0.0
INNOVATIVE IDM,0.0,0.0,1,0.0
INNOVATIVE TOOLING/ACCESSORIES INC,0.0,438.265,3,0.0
INTEGRA SVCS TECHNOLOGIES INC,0.0,1177.25,1,2.0
INTERNATIONAL REFRACTORY,0.0,0.0,1,0.0
INTERNATIONAL SOS ASSISTANCE INC,0.0,0.0,1,0.0
SIERRA CHEMICAL - 05029,0.0,165.89499999999998,2,5.0
INTERSTATE BATTERY OF GREATER CONROE,0.0,0.0,4,0.0
SLEDGEHAMMER AMERICAS INC,0.0,1750.0,2,0.0
SODICK INC,0.0,99.0,15,4.0
IGUS INC - 00779,0.0,0.0,1,0.0
"JM TEST SYSTEMS, INC.",0.0,254.52,1,0.0
JOHNSON SUPPLY,0.0,0.0,11,0.0
JR'S MACHINE TOOL SUPPLY LP,0.0,19.5,1,0.0
SHAWCOR PIPE PROTECTION LLC,0.0,30.0,1,0.0
SHELDON COMPANY - 03296,0.0,0.0,1,0.0
SHERWIN WILLIAMS CO,0.0,0.0,25,0.0
SHUMATE ENERGY TECHNOLOGIES INC,0.0,1245.85,3,0.0
SIEMENS AS,0.0,40328.42,3,0.0
INTERSTATE ALL BATTERY CENTER,0.0,0.0,12,0.0
